Area code,Area name,All Households,Couple household with dependent children,Couple household without dependent children,Lone parent household,One person household,Other multi person household,% Couple household with dependent children,% Couple household without dependent children,% Lone parent household,% One person household,% Other multi person household
00AA,City of London,4338,262,955,256,2623,242,6.0,22.0,5.9,60.5,5.6
00ABFX,Abbey,4090,968,842,639,1461,180,23.7,20.6,15.6,35.7,4.4
00ABFY,Alibon,3829,884,1091,643,1138,73,23.1,28.5,16.8,29.7,1.9
00ABFZ,Becontree,4298,1018,1066,832,1229,153,23.7,24.8,19.4,28.6,3.6
00ABGA,Chadwell Heath,3991,775,1153,706,1285,72,19.4,28.9,17.7,32.2,1.8
00ABGB,Eastbrook,3991,958,1406,459,1095,73,24.0,35.2,11.5,27.4,1.8
00ABGC,Eastbury,4255,836,1256,721,1319,123,19.6,29.5,16.9,31.0,2.9
00ABGD,Gascoigne,4057,699,823,904,1465,166,17.2,20.3,22.3,36.1,4.1
00ABGE,Goresbrook,4064,951,1214,746,1085,68,23.4,29.9,18.4,26.7,1.7
00ABGF,Heath,4162,817,1038,755,1461,91,19.6,24.9,18.1,35.1,2.2
00ABGG,Longbridge,3474,866,1256,336,923,93,24.9,36.2,9.7,26.6,2.7
00ABGH,Mayesbrook,3852,833,1112,663,1180,64,21.6,28.9,17.2,30.6,1.7
00ABGJ,Parsloes,3769,812,1071,641,1184,61,21.5,28.4,17.0,31.4,1.6
00ABGK,River,3926,1011,1161,674,971,109,25.8,29.6,17.2,24.7,2.8
00ABGL,Thames,3724,675,988,730,1225,106,18.1,26.5,19.6,32.9,2.8
00ABGM,Valence,3706,818,1030,613,1161,84,22.1,27.8,16.5,31.3,2.3
00ABGN,Village,4213,768,1081,799,1465,100,18.2,25.7,19.0,34.8,2.4
00ABGP,Whalebone,3880,978,1228,518,1066,90,25.2,31.6,13.4,27.5,2.3
00ACFX,Brunswick Park,5650,1575,1854,594,1465,162,27.9,32.8,10.5,25.9,2.9
00ACFY,Burnt Oak,5882,1389,1280,1189,1774,250,23.6,21.8,20.2,30.2,4.3
00ACFZ,Childs Hill,6851,1355,1770,773,2204,749,19.8,25.8,11.3,32.2,10.9
00ACGA,Colindale,5711,1161,1276,1048,1940,286,20.3,22.3,18.4,34.0,5.0
00ACGB,Coppetts,6263,1343,1650,775,2176,319,21.4,26.3,12.4,34.7,5.1
00ACGC,East Barnet,6400,1546,1981,682,2004,187,24.2,31.0,10.7,31.3,2.9
00ACGD,East Finchley,6449,1135,1714,744,2315,541,17.6,26.6,11.5,35.9,8.4
00ACGE,Edgware,5534,1582,1740,648,1375,189,28.6,31.4,11.7,24.8,3.4
00ACGF,Finchley Church End,5779,1256,1733,404,1956,430,21.7,30.0,7.0,33.8,7.4
00ACGG,Garden Suburb,6161,1492,1765,383,2102,419,24.2,28.6,6.2,34.1,6.8
00ACGH,Golders Green,5750,1533,1434,608,1675,500,26.7,24.9,10.6,29.1,8.7
00ACGJ,Hale,5955,1637,1833,767,1542,176,27.5,30.8,12.9,25.9,3.0
00ACGK,Hendon,6359,1335,1650,548,2283,543,21.0,25.9,8.6,35.9,8.5
00ACGL,High Barnet,6083,1370,1893,458,2202,160,22.5,31.1,7.5,36.2,2.6
00ACGM,Mill Hill,5897,1521,1831,627,1657,261,25.8,31.0,10.6,28.1,4.4
00ACGN,Oakleigh,5964,1418,2017,531,1798,200,23.8,33.8,8.9,30.1,3.4
00ACGP,Totteridge,5791,1656,1901,391,1661,182,28.6,32.8,6.8,28.7,3.1
00ACGQ,Underhill,6269,1513,1824,992,1800,140,24.1,29.1,15.8,28.7,2.2
00ACGR,West Finchley,6046,1226,1849,481,2002,488,20.3,30.6,8.0,33.1,8.1
00ACGS,West Hendon,5746,1301,1629,684,1739,393,22.6,28.4,11.9,30.3,6.8
00ACGT,Woodhouse,6405,1425,1812,678,2081,409,22.2,28.3,10.6,32.5,6.4
00ADGA,Barnehurst,4213,980,1616,391,1155,71,23.3,38.4,9.3,27.4,1.7
00ADGB,Belvedere,4629,998,1368,607,1558,98,21.6,29.6,13.1,33.7,2.1
00ADGC,Blackfen and Lamorbey,4084,1106,1648,329,936,65,27.1,40.4,8.1,22.9,1.6
00ADGD,Blendon and Penhill,4096,1113,1681,299,949,54,27.2,41.0,7.3,23.2,1.3
00ADGE,Brampton,4156,1060,1740,308,986,62,25.5,41.9,7.4,23.7,1.5
00ADGF,Christchurch,4334,960,1590,406,1271,107,22.2,36.7,9.4,29.3,2.5
00ADGG,Colyers,4334,992,1353,648,1259,82,22.9,31.2,15.0,29.0,1.9
00ADGH,Crayford,4458,972,1355,514,1544,73,21.8,30.4,11.5,34.6,1.6
00ADGJ,Cray Meadows,4417,897,1563,539,1315,103,20.3,35.4,12.2,29.8,2.3
00ADGK,Danson Park,4251,993,1576,408,1210,64,23.4,37.1,9.6,28.5,1.5
00ADGL,East Wickham,4201,971,1536,435,1181,78,23.1,36.6,10.4,28.1,1.9
00ADGM,Erith,4214,917,1194,557,1436,110,21.8,28.3,13.2,34.1,2.6
00ADGN,Falconwood and Welling,4045,1179,1542,334,930,60,29.1,38.1,8.3,23.0,1.5
00ADGP,Lesnes Abbey,4380,1043,1507,569,1179,82,23.8,34.4,13.0,26.9,1.9
00ADGQ,Longlands,4319,855,1469,282,1632,81,19.8,34.0,6.5,37.8,1.9
00ADGR,North End,4429,955,1219,765,1402,88,21.6,27.5,17.3,31.7,2.0
00ADGS,Northumberland Heath,3977,1166,1470,394,890,57,29.3,37.0,9.9,22.4,1.4
00ADGT,St. Mary's,4156,987,1713,287,1100,69,23.7,41.2,6.9,26.5,1.7
00ADGU,St. Michael's,3977,1275,1434,343,871,54,32.1,36.1,8.6,21.9,1.4
00ADGW,Sidcup,4370,1006,1473,283,1505,103,23.0,33.7,6.5,34.4,2.4
00ADGX,Thamesmead East,4407,989,1132,730,1454,102,22.4,25.7,16.6,33.0,2.3
00AEGJ,Alperton,4199,1250,1133,559,986,271,29.8,27.0,13.3,23.5,6.5
00AEGK,Barnhill,4926,1186,1294,767,1422,257,24.1,26.3,15.6,28.9,5.2
00AEGL,Brondesbury Park,4850,839,1238,539,1733,501,17.3,25.5,11.1,35.7,10.3
00AEGM,Dollis Hill,4245,1092,1147,661,1060,285,25.7,27.0,15.6,25.0,6.7
00AEGN,Dudden Hill,4948,1058,1331,742,1330,487,21.4,26.9,15.0,26.9,9.8
00AEGP,Fryent,4419,1160,1236,632,1152,239,26.3,28.0,14.3,26.1,5.4
00AEGQ,Harlesden,4960,813,928,1199,1671,349,16.4,18.7,24.2,33.7,7.0
00AEGR,Kensal Green,4446,719,1107,750,1475,395,16.2,24.9,16.9,33.2,8.9
00AEGS,Kenton,4050,1273,1441,374,800,162,31.4,35.6,9.2,19.8,4.0
00AEGT,Kilburn,6595,790,1359,1135,2685,626,12.0,20.6,17.2,40.7,9.5
00AEGU,Mapesbury,5748,801,1470,707,2044,726,13.9,25.6,12.3,35.6,12.6
00AEGW,Northwick Park,3888,1197,1334,439,719,199,30.8,34.3,11.3,18.5,5.1
00AEGX,Preston,4762,1182,1384,631,1285,280,24.8,29.1,13.3,27.0,5.9
00AEGY,Queens Park,5211,951,1304,689,1705,562,18.2,25.0,13.2,32.7,10.8
00AEGZ,Queensbury,4288,1421,1312,534,821,200,33.1,30.6,12.5,19.1,4.7
00AEHA,Stonebridge,5866,1180,913,1752,1706,315,20.1,15.6,29.9,29.1,5.4
00AEHB,Sudbury,4745,1106,1251,687,1422,279,23.3,26.4,14.5,30.0,5.9
00AEHC,Tokyngton,4176,1066,1209,577,1012,312,25.5,29.0,13.8,24.2,7.5
00AEHD,Welsh Harp,4858,1100,1263,769,1473,253,22.6,26.0,15.8,30.3,5.2
00AEHE,Wembley Central,3627,1048,985,604,745,245,28.9,27.2,16.7,20.5,6.8
00AEHF,Willesden Green,5184,758,1250,779,1702,695,14.6,24.1,15.0,32.8,13.4
00AFGD,Bickley,5584,1410,2085,429,1539,121,25.3,37.3,7.7,27.6,2.2
00AFGE,Biggin Hill,3780,1129,1499,346,719,87,29.9,39.7,9.2,19.0,2.3
00AFGF,Bromley Common and Keston,5915,1350,2052,692,1676,145,22.8,34.7,11.7,28.3,2.5
00AFGG,Bromley Town,6593,1275,2138,584,2328,268,19.3,32.4,8.9,35.3,4.1
00AFGH,Chelsfield and Pratts Bottom,5543,1531,2220,449,1258,85,27.6,40.1,8.1,22.7,1.5
00AFGJ,Chislehurst,5996,1332,2395,448,1716,105,22.2,39.9,7.5,28.6,1.8
00AFGK,Clock House,6884,1532,1959,809,2341,243,22.3,28.5,11.8,34.0,3.5
00AFGL,Copers Cope,7586,890,2297,527,3585,287,11.7,30.3,6.9,47.3,3.8
00AFGM,Cray Valley East,6463,1243,2125,910,2042,143,19.2,32.9,14.1,31.6,2.2
00AFGN,Cray Valley West,6693,1511,2085,974,2012,111,22.6,31.2,14.6,30.1,1.7
00AFGP,Crystal Palace,5677,654,1190,960,2564,309,11.5,21.0,16.9,45.2,5.4
00AFGQ,Darwin,1900,447,848,150,410,45,23.5,44.6,7.9,21.6,2.4
00AFGR,Farnborough and Crofton,6042,1358,2360,442,1778,104,22.5,39.1,7.3,29.4,1.7
00AFGS,Hayes and Coney Hall,5925,1606,2275,440,1494,110,27.1,38.4,7.4,25.2,1.9
00AFGT,Kelsey and Eden Park,5963,1572,2103,513,1643,132,26.4,35.3,8.6,27.6,2.2
00AFGU,Mottingham and Chislehurst North,4354,884,1232,712,1395,131,20.3,28.3,16.4,32.0,3.0
00AFGW,Orpington,6159,1390,2490,616,1560,103,22.6,40.4,10.0,25.3,1.7
00AFGX,Penge and Cator,7387,1415,1863,1138,2682,289,19.2,25.2,15.4,36.3,3.9
00AFGY,Petts Wood and Knoll,5370,1518,2263,360,1126,103,28.3,42.1,6.7,21.0,1.9
00AFGZ,Plaistow and Sundridge,6385,1307,1986,646,2228,218,20.5,31.1,10.1,34.9,3.4
00AFHA,Shortlands,4087,908,1498,231,1355,95,22.2,36.7,5.7,33.2,2.3
00AFHB,West Wickham,5586,1600,2117,426,1355,88,28.6,37.9,7.6,24.3,1.6
00AGGD,Belsize,6151,711,1357,467,3087,529,11.6,22.1,7.6,50.2,8.6
00AGGE,Bloomsbury,3977,248,680,265,2414,370,6.2,17.1,6.7,60.7,9.3
00AGGF,Camden Town with Primrose Hill,5371,708,1065,613,2555,430,13.2,19.8,11.4,47.6,8.0
00AGGG,Cantelowes,4718,566,892,673,2103,484,12.0,18.9,14.3,44.6,10.3
00AGGH,Fortune Green,4768,649,1159,481,1896,583,13.6,24.3,10.1,39.8,12.2
00AGGJ,Frognal and Fitzjohns,5303,778,1424,341,2265,495,14.7,26.9,6.4,42.7,9.3
00AGGK,Gospel Oak,4815,685,921,756,2110,343,14.2,19.1,15.7,43.8,7.1
00AGGL,Hampstead Town,4988,727,1357,327,2206,371,14.6,27.2,6.6,44.2,7.4
00AGGM,Haverstock,5052,693,928,883,2105,443,13.7,18.4,17.5,41.7,8.8
00AGGN,Highgate,4844,767,1025,645,2108,299,15.8,21.2,13.3,43.5,6.2
00AGGP,Holborn and Covent Garden,5259,538,887,532,2842,460,10.2,16.9,10.1,54.0,8.7
00AGGQ,Kentish Town,5204,730,1052,754,2216,452,14.0,20.2,14.5,42.6,8.7
00AGGR,Kilburn,5223,528,902,768,2600,425,10.1,17.3,14.7,49.8,8.1
00AGGS,King's Cross,4394,573,673,505,2238,405,13.0,15.3,11.5,50.9,9.2
00AGGT,Regent's Park,5292,791,952,680,2431,438,14.9,18.0,12.8,45.9,8.3
00AGGU,St. Pancras and Somers Town,5313,837,847,1062,2153,414,15.8,15.9,20.0,40.5,7.8
00AGGW,Swiss Cottage,5843,692,1488,462,2591,610,11.8,25.5,7.9,44.3,10.4
00AGGX,West Hampstead,5088,475,1212,427,2297,677,9.3,23.8,8.4,45.1,13.3
00AHGE,Addiscombe,7473,1173,1829,794,3245,432,15.7,24.5,10.6,43.4,5.8
00AHGF,Ashburton,5227,1339,1641,747,1377,123,25.6,31.4,14.3,26.3,2.4
00AHGG,Bensham Manor,6277,1581,1345,1091,1974,286,25.2,21.4,17.4,31.4,4.6
00AHGH,Broad Green,6172,1367,1343,1165,2042,255,22.1,21.8,18.9,33.1,4.1
00AHGJ,Coulsdon East,4887,1224,1891,462,1233,77,25.0,38.7,9.5,25.2,1.6
00AHGK,Coulsdon West,4697,1510,1744,435,921,87,32.1,37.1,9.3,19.6,1.9
00AHGL,Croham,6823,1119,2045,630,2739,290,16.4,30.0,9.2,40.1,4.3
00AHGM,Fairfield,7293,871,1794,642,3553,433,11.9,24.6,8.8,48.7,5.9
00AHGN,Fieldway,4065,933,915,1189,957,71,23.0,22.5,29.2,23.5,1.7
00AHGP,Heathfield,5553,1218,1923,598,1724,90,21.9,34.6,10.8,31.0,1.6
00AHGQ,Kenley,5395,1385,1947,527,1407,129,25.7,36.1,9.8,26.1,2.4
00AHGR,New Addington,3932,997,1096,775,999,65,25.4,27.9,19.7,25.4,1.7
00AHGS,Norbury,5479,1281,1576,790,1632,200,23.4,28.8,14.4,29.8,3.7
00AHGT,Purley,5183,1340,1708,458,1538,139,25.9,33.0,8.8,29.7,2.7
00AHGU,Sanderstead,4770,1306,1931,340,1124,69,27.4,40.5,7.1,23.6,1.4
00AHGW,Selhurst,6738,1115,1354,1203,2740,326,16.5,20.1,17.9,40.7,4.8
00AHGX,Selsdon and Ballards,4469,1293,1891,348,876,61,28.9,42.3,7.8,19.6,1.4
00AHGY,Shirley,5696,1351,1904,777,1572,92,23.7,33.4,13.6,27.6,1.6
00AHGZ,South Norwood,7190,1057,1557,987,3304,285,14.7,21.7,13.7,46.0,4.0
00AHHA,Thornton Heath,6365,1284,1362,1184,2276,259,20.2,21.4,18.6,35.8,4.1
00AHHB,Upper Norwood,6058,1222,1559,897,2155,225,20.2,25.7,14.8,35.6,3.7
00AHHC,Waddon,6137,1007,1586,869,2388,287,16.4,25.8,14.2,38.9,4.7
00AHHD,West Thornton,6283,1660,1420,1126,1794,283,26.4,22.6,17.9,28.6,4.5
00AHHE,Woodside,6832,1484,1443,1186,2499,220,21.7,21.1,17.4,36.6,3.2
00AJGC,Acton Central,5591,1045,1414,662,1993,477,18.7,25.3,11.8,35.6,8.5
00AJGD,Cleveland,5729,1288,1483,793,1799,366,22.5,25.9,13.8,31.4,6.4
00AJGE,Dormers Wells,4261,1227,1071,781,991,191,28.8,25.1,18.3,23.3,4.5
00AJGF,Ealing Broadway,5682,840,1738,363,2092,649,14.8,30.6,6.4,36.8,11.4
00AJGG,Ealing Common,5625,826,1737,517,1992,553,14.7,30.9,9.2,35.4,9.8
00AJGH,East Acton,5665,1097,1384,850,1824,510,19.4,24.4,15.0,32.2,9.0
00AJGJ,Elthorne,5548,897,1475,668,2076,432,16.2,26.6,12.0,37.4,7.8
00AJGK,Greenford Broadway,5364,1137,1439,842,1689,257,21.2,26.8,15.7,31.5,4.8
00AJGL,Greenford Green,4895,1191,1628,505,1351,220,24.3,33.3,10.3,27.6,4.5
00AJGM,Hanger Hill,6009,1261,1833,422,2000,493,21.0,30.5,7.0,33.3,8.2
00AJGN,Hobbayne,5314,1141,1421,831,1616,305,21.5,26.7,15.6,30.4,5.7
00AJGP,Lady Margaret,3896,1450,1130,555,628,133,37.2,29.0,14.2,16.1,3.4
00AJGQ,Northfield,5341,1084,1670,359,1685,543,20.3,31.3,6.7,31.5,10.2
00AJGR,North Greenford,4743,1353,1472,593,1117,208,28.5,31.0,12.5,23.6,4.4
00AJGS,Northolt Mandeville,5282,1136,1486,902,1579,179,21.5,28.1,17.1,29.9,3.4
00AJGT,Northolt West End,5519,1172,1337,947,1895,168,21.2,24.2,17.2,34.3,3.0
00AJGU,Norwood Green,4056,1219,965,663,1026,183,30.1,23.8,16.3,25.3,4.5
00AJGW,Perivale,5007,1398,1514,517,1342,236,27.9,30.2,10.3,26.8,4.7
00AJGX,South Acton,5867,933,1350,820,2260,504,15.9,23.0,14.0,38.5,8.6
00AJGY,Southall Broadway,3596,1401,900,525,567,203,39.0,25.0,14.6,15.8,5.6
00AJGZ,Southall Green,3814,1410,930,628,637,209,37.0,24.4,16.5,16.7,5.5
00AJHA,Southfield,5838,971,1753,479,2175,460,16.6,30.0,8.2,37.3,7.9
00AJHB,Walpole,5382,1078,1640,429,1721,514,20.0,30.5,8.0,32.0,9.6
00AKGL,Bowes,4915,1060,1286,547,1737,285,21.6,26.2,11.1,35.3,5.8
00AKGM,Bush Hill Park,5219,1387,1745,428,1522,137,26.6,33.4,8.2,29.2,2.6
00AKGN,Chase,5388,1164,1564,675,1872,113,21.6,29.0,12.5,34.7,2.1
00AKGP,Cockfosters,5030,1150,1681,444,1563,192,22.9,33.4,8.8,31.1,3.8
00AKGQ,Edmonton Green,6226,1375,1155,1338,2143,215,22.1,18.6,21.5,34.4,3.5
00AKGR,Enfield Highway,5421,1443,1559,835,1454,130,26.6,28.8,15.4,26.8,2.4
00AKGS,Enfield Lock,5183,1234,1457,804,1567,121,23.8,28.1,15.5,30.2,2.3
00AKGT,Grange,4960,1037,1793,335,1682,113,20.9,36.1,6.8,33.9,2.3
00AKGU,Haselbury,5565,1399,1398,915,1683,170,25.1,25.1,16.4,30.2,3.1
00AKGW,Highlands,5224,1068,1828,393,1809,126,20.4,35.0,7.5,34.6,2.4
00AKGX,Jubilee,5126,1331,1417,724,1539,115,26.0,27.6,14.1,30.0,2.2
00AKGY,Lower Edmonton,4989,1231,1225,888,1494,151,24.7,24.6,17.8,29.9,3.0
00AKGZ,Palmers Green,5377,1237,1642,510,1750,238,23.0,30.5,9.5,32.5,4.4
00AKHA,Ponders End,4882,1247,1181,769,1485,200,25.5,24.2,15.8,30.4,4.1
00AKHB,Southbury,5160,1168,1438,694,1700,160,22.6,27.9,13.4,32.9,3.1
00AKHC,Southgate,5327,1032,1623,484,1887,301,19.4,30.5,9.1,35.4,5.7
00AKHD,Southgate Green,4992,1199,1657,524,1380,232,24.0,33.2,10.5,27.6,4.6
00AKHE,Town,5753,1419,1904,487,1777,166,24.7,33.1,8.5,30.9,2.9
00AKHF,Turkey Street,5046,1214,1546,755,1438,93,24.1,30.6,15.0,28.5,1.8
00AKHG,Upper Edmonton,5639,1396,1318,1166,1581,178,24.8,23.4,20.7,28.0,3.2
00AKHH,Winchmore Hill,4976,1208,1566,394,1618,190,24.3,31.5,7.9,32.5,3.8
00ALGP,Abbey Wood,5695,1059,1401,1137,1925,173,18.6,24.6,20.0,33.8,3.0
00ALGQ,Blackheath Westcombe,5955,793,1724,485,2608,345,13.3,29.0,8.1,43.8,5.8
00ALGR,Charlton,5652,887,1323,932,2200,310,15.7,23.4,16.5,38.9,5.5
00ALGS,Coldharbour and New Eltham,5193,1074,1745,600,1648,126,20.7,33.6,11.6,31.7,2.4
00ALGT,Eltham North,5220,1149,1656,512,1772,131,22.0,31.7,9.8,33.9,2.5
00ALGU,Eltham South,5323,791,1496,523,2148,365,14.9,28.1,9.8,40.4,6.9
00ALGW,Eltham West,5302,1004,1396,1181,1552,169,18.9,26.3,22.3,29.3,3.2
00ALGX,Glyndon,5794,1044,1106,1240,2105,299,18.0,19.1,21.4,36.3,5.2
00ALGY,Greenwich West,5409,650,1305,746,2261,447,12.0,24.1,13.8,41.8,8.3
00ALGZ,Kidbrooke with Hornfair,5331,874,1511,799,1958,189,16.4,28.3,15.0,36.7,3.5
00ALHA,Middle Park and Sutcliffe,5581,930,1606,979,1885,181,16.7,28.8,17.5,33.8,3.2
00ALHB,Peninsula,4644,643,1183,638,1767,413,13.8,25.5,13.7,38.0,8.9
00ALHC,Plumstead,5792,1227,1342,1035,1958,230,21.2,23.2,17.9,33.8,4.0
00ALHD,Shooters Hill,5317,1156,1530,731,1725,175,21.7,28.8,13.7,32.4,3.3
00ALHE,Thamesmead Moorings,4950,973,1103,839,1839,196,19.7,22.3,16.9,37.2,4.0
00ALHF,Woolwich Common,5937,1112,992,1291,2273,269,18.7,16.7,21.7,38.3,4.5
00ALHG,Woolwich Riverside,5693,854,950,1201,2378,310,15.0,16.7,21.1,41.8,5.4
00AMGA,Brownswood,5252,680,1020,710,2272,570,12.9,19.4,13.5,43.3,10.9
00AMGB,Cazenove,3783,948,750,564,1200,321,25.1,19.8,14.9,31.7,8.5
00AMGC,Chatham,4761,698,825,897,1967,374,14.7,17.3,18.8,41.3,7.9
00AMGD,Clissold,4712,804,975,653,1867,413,17.1,20.7,13.9,39.6,8.8
00AMGE,Dalston,4552,708,802,764,1911,367,15.6,17.6,16.8,42.0,8.1
00AMGF,De Beauvoir,4303,655,862,771,1647,368,15.2,20.0,17.9,38.3,8.6
00AMGG,Hackney Central,4607,667,798,812,1950,380,14.5,17.3,17.6,42.3,8.2
00AMGH,Hackney Downs,4465,733,779,683,1910,360,16.4,17.4,15.3,42.8,8.1
00AMGJ,Haggerston,4506,644,819,819,1865,359,14.3,18.2,18.2,41.4,8.0
00AMGK,Hoxton,5217,602,938,880,2436,361,11.5,18.0,16.9,46.7,6.9
00AMGL,King's Park,4354,805,751,927,1566,305,18.5,17.2,21.3,36.0,7.0
00AMGM,Leabridge,3912,756,734,606,1466,350,19.3,18.8,15.5,37.5,8.9
00AMGN,Lordship,4563,966,827,605,1830,335,21.2,18.1,13.3,40.1,7.3
00AMGP,New River,4511,953,750,751,1740,317,21.1,16.6,16.6,38.6,7.0
00AMGQ,Queensbridge,4485,669,818,822,1878,298,14.9,18.2,18.3,41.9,6.6
00AMGR,Springfield,3955,966,585,678,1528,198,24.4,14.8,17.1,38.6,5.0
00AMGS,Stoke Newington Central,4316,749,897,600,1697,373,17.4,20.8,13.9,39.3,8.6
00AMGT,Victoria,5082,811,921,942,2060,348,16.0,18.1,18.5,40.5,6.8
00AMGU,Wick,4706,662,838,897,2015,294,14.1,17.8,19.1,42.8,6.2
00ANGA,Addison,5464,631,1178,566,2433,656,11.5,21.6,10.4,44.5,12.0
00ANGB,Askew,5488,686,1196,696,2309,601,12.5,21.8,12.7,42.1,11.0
00ANGC,Avonmore and Brook Green,5451,651,1174,524,2362,740,11.9,21.5,9.6,43.3,13.6
00ANGD,College Park and Old Oak,3199,454,558,598,1334,255,14.2,17.4,18.7,41.7,8.0
00ANGE,Fulham Broadway,4726,499,1060,596,1872,699,10.6,22.4,12.6,39.6,14.8
00ANGF,Fulham Reach,4500,524,1088,565,1664,659,11.6,24.2,12.6,37.0,14.6
00ANGG,Hammersmith Broadway,5317,650,1122,748,2197,600,12.2,21.1,14.1,41.3,11.3
00ANGH,Munster,4556,563,1204,368,1683,738,12.4,26.4,8.1,36.9,16.2
00ANGJ,North End,5437,456,1125,585,2423,848,8.4,20.7,10.8,44.6,15.6
00ANGK,Palace Riverside,3343,539,912,226,1305,361,16.1,27.3,6.8,39.0,10.8
00ANGL,Parsons Green and Walham,4466,840,1102,410,1541,573,18.8,24.7,9.2,34.5,12.8
00ANGM,Ravenscourt Park,4739,750,1101,492,1949,447,15.8,23.2,10.4,41.1,9.4
00ANGN,Sands End,4448,557,956,662,1664,609,12.5,21.5,14.9,37.4,13.7
00ANGP,Shepherd's Bush Green,4926,496,987,615,2246,582,10.1,20.0,12.5,45.6,11.8
00ANGQ,Town,4581,580,1053,473,1796,679,12.7,23.0,10.3,39.2,14.8
00ANGR,Wormholt and White City,4797,765,869,1083,1607,473,15.9,18.1,22.6,33.5,9.9
00APGA,Alexandra,4330,1045,1194,458,1319,314,24.1,27.6,10.6,30.5,7.3
00APGB,Bounds Green,4933,742,1131,770,1880,410,15.0,22.9,15.6,38.1,8.3
00APGC,Bruce Grove,4936,858,975,970,1738,395,17.4,19.8,19.7,35.2,8.0
00APGD,Crouch End,5402,743,1485,405,2319,450,13.8,27.5,7.5,42.9,8.3
00APGE,Fortis Green,4858,945,1364,431,1688,430,19.5,28.1,8.9,34.7,8.9
00APGF,Harringay,4520,615,1167,506,1573,659,13.6,25.8,11.2,34.8,14.6
00APGG,Highgate,4991,645,1487,369,2038,452,12.9,29.8,7.4,40.8,9.1
00APGH,Hornsey,4629,698,1086,694,1811,340,15.1,23.5,15.0,39.1,7.3
00APGJ,Muswell Hill,4321,939,1201,349,1524,308,21.7,27.8,8.1,35.3,7.1
00APGK,Noel Park,4738,709,969,908,1686,466,15.0,20.5,19.2,35.6,9.8
00APGL,Northumberland Park,5122,900,902,1199,1856,265,17.6,17.6,23.4,36.2,5.2
00APGM,St. Ann's,4865,840,1123,760,1614,528,17.3,23.1,15.6,33.2,10.9
00APGN,Seven Sisters,5086,1066,1011,929,1682,398,21.0,19.9,18.3,33.1,7.8
00APGP,Stroud Green,4895,669,1191,616,1946,473,13.7,24.3,12.6,39.8,9.7
00APGQ,Tottenham Green,5210,802,923,1020,2021,444,15.4,17.7,19.6,38.8,8.5
00APGR,Tottenham Hale,5134,979,920,1178,1692,365,19.1,17.9,22.9,33.0,7.1
00APGS,West Green,4756,925,1000,823,1571,437,19.4,21.0,17.3,33.0,9.2
00APGT,White Hart Lane,4634,908,886,1226,1391,223,19.6,19.1,26.5,30.0,4.8
00APGU,Woodside,4810,791,1093,800,1704,422,16.4,22.7,16.6,35.4,8.8
00AQFY,Belmont,3372,1173,1226,279,627,67,34.8,36.4,8.3,18.6,2.0
00AQFZ,Canons,4234,876,1481,322,1398,157,20.7,35.0,7.6,33.0,3.7
00AQGA,Edgware,3479,1028,1087,413,787,164,29.5,31.2,11.9,22.6,4.7
00AQGB,Greenhill,4092,660,1146,426,1532,328,16.1,28.0,10.4,37.4,8.0
00AQGC,Harrow on the Hill,4539,897,1349,522,1443,328,19.8,29.7,11.5,31.8,7.2
00AQGD,Harrow Weald,4029,1012,1283,458,1169,107,25.1,31.8,11.4,29.0,2.7
00AQGE,Hatch End,3913,1007,1442,344,1014,106,25.7,36.9,8.8,25.9,2.7
00AQGF,Headstone North,3487,1023,1354,287,717,106,29.3,38.8,8.2,20.6,3.0
00AQGG,Headstone South,3596,985,1136,306,948,221,27.4,31.6,8.5,26.4,6.1
00AQGH,Kenton East,3385,1064,1026,471,678,146,31.4,30.3,13.9,20.0,4.3
00AQGJ,Kenton West,3369,1176,1166,375,549,103,34.9,34.6,11.1,16.3,3.1
00AQGK,Marlborough,3641,823,1117,437,1029,235,22.6,30.7,12.0,28.3,6.5
00AQGL,Pinner,4062,808,1465,410,1258,121,19.9,36.1,10.1,31.0,3.0
00AQGM,Pinner South,3756,1069,1348,297,955,87,28.5,35.9,7.9,25.4,2.3
00AQGN,Queensbury,3410,1188,1053,328,679,162,34.8,30.9,9.6,19.9,4.8
00AQGP,Rayners Lane,3630,1137,1280,349,704,160,31.3,35.3,9.6,19.4,4.4
00AQGQ,Roxbourne,4163,1057,1032,714,1143,217,25.4,24.8,17.2,27.5,5.2
00AQGR,Roxeth,3831,1117,1140,497,897,180,29.2,29.8,13.0,23.4,4.7
00AQGS,Stanmore Park,3877,828,1452,335,1175,87,21.4,37.5,8.6,30.3,2.2
00AQGT,Wealdstone,3504,824,999,464,1032,185,23.5,28.5,13.2,29.5,5.3
00AQGU,West Harrow,3750,1013,1170,428,971,168,27.0,31.2,11.4,25.9,4.5
00ARGC,Brooklands,5362,1265,1732,644,1574,147,23.6,32.3,12.0,29.4,2.7
00ARGD,Cranham,5111,1118,2236,374,1322,61,21.9,43.7,7.3,25.9,1.2
00ARGE,Elm Park,4950,1080,1893,563,1346,68,21.8,38.2,11.4,27.2,1.4
00ARGF,Emerson Park,4387,1122,1993,290,920,62,25.6,45.4,6.6,21.0,1.4
00ARGG,Gooshays,5906,1238,1542,911,2132,83,21.0,26.1,15.4,36.1,1.4
00ARGH,Hacton,4835,1275,1934,409,1152,65,26.4,40.0,8.5,23.8,1.3
00ARGJ,Harold Wood,5193,1026,1922,450,1727,68,19.8,37.0,8.7,33.3,1.3
00ARGK,Havering Park,4824,1185,1763,682,1112,82,24.6,36.5,14.1,23.1,1.7
00ARGL,Heaton,5147,939,1702,673,1756,77,18.2,33.1,13.1,34.1,1.5
00ARGM,Hylands,4747,1360,1819,378,1120,70,28.6,38.3,8.0,23.6,1.5
00ARGN,Mawneys,5178,1166,1973,544,1410,85,22.5,38.1,10.5,27.2,1.6
00ARGP,Pettits,4982,1296,2127,395,1119,45,26.0,42.7,7.9,22.5,0.9
00ARGQ,Rainham and Wennington,4811,1163,1844,521,1222,61,24.2,38.3,10.8,25.4,1.3
00ARGR,Romford Town,5830,1169,1908,528,2051,174,20.1,32.7,9.1,35.2,3.0
00ARGS,St. Andrew's,5416,1209,1980,453,1677,97,22.3,36.6,8.4,31.0,1.8
00ARGT,South Hornchurch,5211,1168,1904,600,1468,71,22.4,36.5,11.5,28.2,1.4
00ARGU,Squirrel's Heath,4888,1151,1833,425,1387,92,23.5,37.5,8.7,28.4,1.9
00ARGW,Upminster,4946,1289,2120,336,1123,78,26.1,42.9,6.8,22.7,1.6
00ASGG,Barnhill,4151,1190,1185,588,990,198,28.7,28.5,14.2,23.8,4.8
00ASGH,Botwell,4647,1148,1320,709,1253,217,24.7,28.4,15.3,27.0,4.7
00ASGJ,Brunel,4098,863,1369,518,1212,136,21.1,33.4,12.6,29.6,3.3
00ASGK,Cavendish,4419,1249,1505,459,1129,77,28.3,34.1,10.4,25.5,1.7
00ASGL,Charville,4302,1231,1466,474,1019,112,28.6,34.1,11.0,23.7,2.6
00ASGM,Eastcote and East Ruislip,4552,1155,1830,308,1156,103,25.4,40.2,6.8,25.4,2.3
00ASGN,Harefield,2949,582,1064,358,879,66,19.7,36.1,12.1,29.8,2.2
00ASGP,Heathrow Villages,4371,828,1406,440,1540,157,18.9,32.2,10.1,35.2,3.6
00ASGQ,Hillingdon East,4488,1258,1437,590,1053,150,28.0,32.0,13.1,23.5,3.3
00ASGR,Ickenham,3914,1011,1688,233,913,69,25.8,43.1,6.0,23.3,1.8
00ASGS,Manor,4414,1166,1585,363,1160,140,26.4,35.9,8.2,26.3,3.2
00ASGT,Northwood,4550,903,1506,370,1637,134,19.8,33.1,8.1,36.0,2.9
00ASGU,Northwood Hills,4641,1021,1585,482,1431,122,22.0,34.2,10.4,30.8,2.6
00ASGW,Pinkwell,4482,1235,1251,766,1043,187,27.6,27.9,17.1,23.3,4.2
00ASGX,South Ruislip,4398,1061,1444,473,1275,145,24.1,32.8,10.8,29.0,3.3
00ASGY,Townfield,4446,1024,1232,680,1315,195,23.0,27.7,15.3,29.6,4.4
00ASGZ,Uxbridge North,4557,1162,1688,373,1211,123,25.5,37.0,8.2,26.6,2.7
00ASHA,Uxbridge South,4829,804,1386,455,1916,268,16.6,28.7,9.4,39.7,5.5
00ASHB,West Drayton,4707,962,1521,656,1385,183,20.4,32.3,13.9,29.4,3.9
00ASHC,West Ruislip,4429,984,1523,357,1454,111,22.2,34.4,8.1,32.8,2.5
00ASHD,Yeading,4612,1197,1191,841,1213,170,26.0,25.8,18.2,26.3,3.7
00ASHE,Yiewsley,4687,932,1410,659,1510,176,19.9,30.1,14.1,32.2,3.8
00ATFY,Bedfont,4171,902,1263,572,1290,144,21.6,30.3,13.7,30.9,3.5
00ATFZ,Brentford,4682,791,1189,701,1680,321,16.9,25.4,15.0,35.9,6.9
00ATGA,Chiswick Homefields,4551,842,1379,412,1583,335,18.5,30.3,9.1,34.8,7.4
00ATGB,Chiswick Riverside,4906,985,1346,390,1832,353,20.1,27.4,7.9,37.3,7.2
00ATGC,Cranford,3860,1099,977,630,937,217,28.5,25.3,16.3,24.3,5.6
00ATGD,Feltham North,3820,895,1267,487,1049,122,23.4,33.2,12.7,27.5,3.2
00ATGE,Feltham West,4396,1191,1241,703,1141,120,27.1,28.2,16.0,26.0,2.7
00ATGF,Hanworth,4320,1034,1202,750,1226,108,23.9,27.8,17.4,28.4,2.5
00ATGG,Hanworth Park,4234,979,1356,516,1264,119,23.1,32.0,12.2,29.9,2.8
00ATGH,Heston Central,3775,1112,1092,466,906,199,29.5,28.9,12.3,24.0,5.3
00ATGJ,Heston East,3816,1113,1065,446,984,208,29.2,27.9,11.7,25.8,5.5
00ATGK,Heston West,3875,1182,1019,633,893,148,30.5,26.3,16.3,23.0,3.8
00ATGL,Hounslow Central,4215,924,1180,390,1338,383,21.9,28.0,9.3,31.7,9.1
00ATGM,Hounslow Heath,4091,1101,1100,503,1128,259,26.9,26.9,12.3,27.6,6.3
00ATGN,Hounslow South,3838,1088,1286,341,894,229,28.3,33.5,8.9,23.3,6.0
00ATGP,Hounslow West,3551,940,962,464,919,266,26.5,27.1,13.1,25.9,7.5
00ATGQ,Isleworth,4554,814,1233,704,1534,269,17.9,27.1,15.5,33.7,5.9
00ATGR,Osterley and Spring Grove,4113,947,1370,314,1160,322,23.0,33.3,7.6,28.2,7.8
00ATGS,Syon,4150,742,1056,614,1437,301,17.9,25.4,14.8,34.6,7.3
00ATGT,Turnham Green,5076,640,1389,398,2188,461,12.6,27.4,7.8,43.1,9.1
00AUFX,Barnsbury,4887,653,1047,645,2152,390,13.4,21.4,13.2,44.0,8.0
00AUFY,Bunhill,5028,503,1013,719,2405,388,10.0,20.1,14.3,47.8,7.7
00AUFZ,Caledonian,5139,624,1078,806,2211,420,12.1,21.0,15.7,43.0,8.2
00AUGA,Canonbury,4736,616,1063,727,2044,286,13.0,22.4,15.4,43.2,6.0
00AUGB,Clerkenwell,4632,465,1000,589,2228,350,10.0,21.6,12.7,48.1,7.6
00AUGC,Finsbury Park,5537,722,1029,918,2277,591,13.0,18.6,16.6,41.1,10.7
00AUGD,Highbury East,4845,703,1023,579,2132,408,14.5,21.1,12.0,44.0,8.4
00AUGE,Highbury West,5183,776,1073,759,2083,492,15.0,20.7,14.6,40.2,9.5
00AUGF,Hillrise,5005,764,968,890,2009,374,15.3,19.3,17.8,40.1,7.5
00AUGG,Holloway,5160,582,985,812,2357,424,11.3,19.1,15.7,45.7,8.2
00AUGH,Junction,5318,572,1001,752,2557,436,10.8,18.8,14.1,48.1,8.2
00AUGJ,Mildmay,5477,649,1045,864,2427,492,11.8,19.1,15.8,44.3,9.0
00AUGK,St. George's,5184,645,1075,710,2384,370,12.4,20.7,13.7,46.0,7.1
00AUGL,St. Mary's,5127,566,1188,686,2248,439,11.0,23.2,13.4,43.8,8.6
00AUGM,St. Peter's,5257,623,1151,734,2341,408,11.9,21.9,14.0,44.5,7.8
00AUGN,Tollington,5766,744,1090,924,2450,558,12.9,18.9,16.0,42.5,9.7
00AWFY,Abingdon,4459,603,947,303,2136,470,13.5,21.2,6.8,47.9,10.5
00AWFZ,Brompton,4834,533,1017,297,2595,392,11.0,21.0,6.1,53.7,8.1
00AWGA,Campden,4155,575,969,205,1999,407,13.8,23.3,4.9,48.1,9.8
00AWGB,Colville,4007,434,709,601,1886,377,10.8,17.7,15.0,47.1,9.4
00AWGC,Courtfield,4895,509,996,224,2516,650,10.4,20.3,4.6,51.4,13.3
00AWGD,Cremorne,4595,536,816,674,2200,369,11.7,17.8,14.7,47.9,8.0
00AWGE,Earl's Court,5202,434,941,363,2698,766,8.3,18.1,7.0,51.9,14.7
00AWGF,Golborne,3749,617,583,820,1465,264,16.5,15.6,21.9,39.1,7.0
00AWGG,Hans Town,5262,565,1000,343,2961,393,10.7,19.0,6.5,56.3,7.5
00AWGH,Holland,4392,687,1081,381,1829,414,15.6,24.6,8.7,41.6,9.4
00AWGJ,Norland,4123,635,852,492,1852,292,15.4,20.7,11.9,44.9,7.1
00AWGK,Notting Barns,3892,649,650,721,1571,301,16.7,16.7,18.5,40.4,7.7
00AWGL,Pembridge,4545,418,878,262,2508,479,9.2,19.3,5.8,55.2,10.5
00AWGM,Queen's Gate,4741,658,1132,187,2187,577,13.9,23.9,3.9,46.1,12.2
00AWGN,Redcliffe,4505,551,927,228,2266,533,12.2,20.6,5.1,50.3,11.8
00AWGP,Royal Hospital,4081,495,811,220,2303,252,12.1,19.9,5.4,56.4,6.2
00AWGQ,St. Charles,3912,629,624,778,1581,300,16.1,16.0,19.9,40.4,7.7
00AWGR,Stanley,3797,479,806,272,1901,339,12.6,21.2,7.2,50.1,8.9
00AXFX,Alexandra,3436,1002,1235,272,801,126,29.2,35.9,7.9,23.3,3.7
00AXFY,Berrylands,4447,701,1271,287,1917,271,15.8,28.6,6.5,43.1,6.1
00AXFZ,Beverley,3779,959,1123,373,1100,224,25.4,29.7,9.9,29.1,5.9
00AXGA,Canbury,4182,1016,1206,327,1371,262,24.3,28.8,7.8,32.8,6.3
00AXGB,Chessington North and Hook,3418,864,1207,387,878,82,25.3,35.3,11.3,25.7,2.4
00AXGC,Chessington South,3865,1028,1325,395,1038,79,26.6,34.3,10.2,26.9,2.0
00AXGD,Coombe Hill,3705,896,1149,366,1019,275,24.2,31.0,9.9,27.5,7.4
00AXGE,Coombe Vale,3597,1021,1115,322,912,227,28.4,31.0,9.0,25.4,6.3
00AXGF,Grove,3994,520,1122,225,1741,386,13.0,28.1,5.6,43.6,9.7
00AXGG,Norbiton,3754,710,958,541,1238,307,18.9,25.5,14.4,33.0,8.2
00AXGH,Old Malden,3486,973,1290,287,866,70,27.9,37.0,8.2,24.8,2.0
00AXGJ,St. James,3325,874,1200,270,872,109,26.3,36.1,8.1,26.2,3.3
00AXGK,St. Mark's,4437,477,1267,198,2112,383,10.8,28.6,4.5,47.6,8.6
00AXGL,Surbiton Hill,4758,779,1411,336,1918,314,16.4,29.7,7.1,40.3,6.6
00AXGM,Tolworth and Hook Rise,3763,987,1226,424,952,174,26.2,32.6,11.3,25.3,4.6
00AXGN,Tudor,3482,961,1071,305,1005,140,27.6,30.8,8.8,28.9,4.0
00AYFZ,Bishop's,4594,399,812,607,2331,445,8.7,17.7,13.2,50.7,9.7
00AYGA,Brixton Hill,5832,622,1220,911,2349,730,10.7,20.9,15.6,40.3,12.5
00AYGB,Clapham Common,5388,823,1281,548,1883,853,15.3,23.8,10.2,34.9,15.8
00AYGC,Clapham Town,6035,747,1321,792,2312,863,12.4,21.9,13.1,38.3,14.3
00AYGD,Coldharbour,6184,791,932,1459,2398,604,12.8,15.1,23.6,38.8,9.8
00AYGE,Ferndale,5645,627,1178,874,2102,864,11.1,20.9,15.5,37.2,15.3
00AYGF,Gipsy Hill,6151,884,1259,1208,2315,485,14.4,20.5,19.6,37.6,7.9
00AYGG,Herne Hill,5269,775,1150,808,1946,590,14.7,21.8,15.3,36.9,11.2
00AYGH,Knight's Hill,5966,909,1312,1058,2239,448,15.2,22.0,17.7,37.5,7.5
00AYGJ,Larkhall,5799,790,1167,1120,1865,857,13.6,20.1,19.3,32.2,14.8
00AYGK,Oval,5513,640,1145,788,2200,740,11.6,20.8,14.3,39.9,13.4
00AYGL,Prince's,5649,617,1122,887,2525,498,10.9,19.9,15.7,44.7,8.8
00AYGM,St. Leonard's,5609,722,1392,540,2318,637,12.9,24.8,9.6,41.3,11.4
00AYGN,Stockwell,5779,847,1101,1230,2019,582,14.7,19.1,21.3,34.9,10.1
00AYGP,Streatham Hill,6048,855,1386,799,2278,730,14.1,22.9,13.2,37.7,12.1
00AYGQ,Streatham South,5263,1097,1326,816,1605,419,20.8,25.2,15.5,30.5,8.0
00AYGR,Streatham Wells,5841,799,1246,789,2278,729,13.7,21.3,13.5,39.0,12.5
00AYGS,Thornton,5445,808,1195,906,1819,717,14.8,21.9,16.6,33.4,13.2
00AYGT,Thurlow Park,4906,793,1306,613,1770,424,16.2,26.6,12.5,36.1,8.6
00AYGU,Tulse Hill,5765,708,1105,1153,2136,663,12.3,19.2,20.0,37.1,11.5
00AYGW,Vassall,5766,762,940,1247,2236,581,13.2,16.3,21.6,38.8,10.1
00AZGD,Bellingham,5820,1095,1282,1139,2028,276,18.8,22.0,19.6,34.8,4.7
00AZGE,Blackheath,6276,850,1709,765,2444,508,13.5,27.2,12.2,38.9,8.1
00AZGF,Brockley,5846,859,1336,940,2140,571,14.7,22.9,16.1,36.6,9.8
00AZGG,Catford South,5543,1328,1578,746,1606,285,24.0,28.5,13.5,29.0,5.1
00AZGH,Crofton Park,5812,1174,1561,823,1828,426,20.2,26.9,14.2,31.5,7.3
00AZGJ,Downham,6070,1218,1467,1236,1978,171,20.1,24.2,20.4,32.6,2.8
00AZGK,Evelyn,5959,1082,1018,1376,2114,369,18.2,17.1,23.1,35.5,6.2
00AZGL,Forest Hill,6249,1094,1554,984,2245,372,17.5,24.9,15.7,35.9,6.0
00AZGM,Grove Park,6115,1131,1808,917,2008,251,18.5,29.6,15.0,32.8,4.1
00AZGN,Ladywell,5277,941,1403,773,1716,444,17.8,26.6,14.6,32.5,8.4
00AZGP,Lee Green,5349,976,1574,659,1810,330,18.2,29.4,12.3,33.8,6.2
00AZGQ,Lewisham Central,6016,759,1490,878,2332,557,12.6,24.8,14.6,38.8,9.3
00AZGR,New Cross,6566,1021,1254,1301,2559,431,15.5,19.1,19.8,39.0,6.6
00AZGS,Perry Vale,6213,1221,1564,958,2102,368,19.7,25.2,15.4,33.8,5.9
00AZGT,Rushey Green,5896,943,1255,999,2299,400,16.0,21.3,16.9,39.0,6.8
00AZGU,Sydenham,6760,1114,1645,1199,2486,316,16.5,24.3,17.7,36.8,4.7
00AZGW,Telegraph Hill,6135,965,1361,1178,2040,591,15.7,22.2,19.2,33.3,9.6
00AZGX,Whitefoot,5510,1190,1401,1056,1678,185,21.6,25.4,19.2,30.5,3.4
00BAFX,Abbey,4561,642,1375,385,1714,445,14.1,30.1,8.4,37.6,9.8
00BAFY,Cannon Hill,3555,903,1306,314,875,157,25.4,36.7,8.8,24.6,4.4
00BAFZ,Colliers Wood,4054,676,1117,415,1459,387,16.7,27.6,10.2,36.0,9.5
00BAGA,Cricket Green,4209,913,975,768,1383,170,21.7,23.2,18.2,32.9,4.0
00BAGB,Dundonald,4292,678,1409,259,1568,378,15.8,32.8,6.0,36.5,8.8
00BAGC,Figge's Marsh,4015,870,1007,712,1243,183,21.7,25.1,17.7,31.0,4.6
00BAGD,Graveney,3552,848,1009,415,987,293,23.9,28.4,11.7,27.8,8.2
00BAGE,Hillside,4524,637,1301,176,1986,424,14.1,28.8,3.9,43.9,9.4
00BAGF,Lavender Fields,4079,788,1016,595,1365,315,19.3,24.9,14.6,33.5,7.7
00BAGG,Longthornton,3715,950,1052,578,1003,132,25.6,28.3,15.6,27.0,3.6
00BAGH,Lower Morden,3345,910,1197,281,860,97,27.2,35.8,8.4,25.7,2.9
00BAGJ,Merton Park,3736,874,1269,291,1090,212,23.4,34.0,7.8,29.2,5.7
00BAGK,Pollards Hill,3715,979,1035,660,913,128,26.4,27.9,17.8,24.6,3.4
00BAGL,Ravensbury,3832,828,1138,520,1196,150,21.6,29.7,13.6,31.2,3.9
00BAGM,Raynes Park,4291,827,1233,337,1660,234,19.3,28.7,7.9,38.7,5.5
00BAGN,St. Helier,3842,850,1084,493,1274,141,22.1,28.2,12.8,33.2,3.7
00BAGP,Trinity,4191,684,1220,293,1654,340,16.3,29.1,7.0,39.5,8.1
00BAGQ,Village,3716,892,1298,194,1176,156,24.0,34.9,5.2,31.6,4.2
00BAGR,West Barnes,3732,1010,1284,358,894,186,27.1,34.4,9.6,24.0,5.0
00BAGS,Wimbledon Park,3931,1066,1160,295,1051,359,27.1,29.5,7.5,26.7,9.1
00BBGB,Beckton,5117,996,944,1023,1877,277,19.5,18.4,20.0,36.7,5.4
00BBGC,Boleyn,4605,1106,1008,819,1458,214,24.0,21.9,17.8,31.7,4.6
00BBGD,Canning Town North,5096,856,875,1096,1999,270,16.8,17.2,21.5,39.2,5.3
00BBGE,Canning Town South,4799,716,924,1137,1812,210,14.9,19.3,23.7,37.8,4.4
00BBGF,Custom House,4753,897,941,1004,1644,267,18.9,19.8,21.1,34.6,5.6
00BBGG,East Ham Central,4178,1187,868,629,1232,262,28.4,20.8,15.1,29.5,6.3
00BBGH,East Ham North,3409,1147,715,545,775,227,33.6,21.0,16.0,22.7,6.7
00BBGJ,East Ham South,5041,1111,1037,964,1738,191,22.0,20.6,19.1,34.5,3.8
00BBGK,Forest Gate North,5101,1000,939,932,1889,341,19.6,18.4,18.3,37.0,6.7
00BBGL,Forest Gate South,5237,1034,932,855,1988,428,19.7,17.8,16.3,38.0,8.2
00BBGM,Green Street East,4037,1403,793,630,974,237,34.8,19.6,15.6,24.1,5.9
00BBGN,Green Street West,3824,1294,712,567,1024,227,33.8,18.6,14.8,26.8,5.9
00BBGP,Little Ilford,4824,1179,829,931,1575,310,24.4,17.2,19.3,32.6,6.4
00BBGQ,Manor Park,4301,1113,755,715,1472,246,25.9,17.6,16.6,34.2,5.7
00BBGR,Plaistow North,5129,1040,893,1002,1846,348,20.3,17.4,19.5,36.0,6.8
00BBGS,Plaistow South,4714,1014,1025,814,1592,269,21.5,21.7,17.3,33.8,5.7
00BBGT,Royal Docks,2761,379,541,515,1068,258,13.7,19.6,18.7,38.7,9.3
00BBGU,Stratford and New Town,5529,754,954,983,2367,471,13.6,17.3,17.8,42.8,8.5
00BBGW,Wall End,4294,1351,915,687,1103,238,31.5,21.3,16.0,25.7,5.5
00BBGX,West Ham,5072,903,962,1047,1818,342,17.8,19.0,20.6,35.8,6.7
00BCFY,Aldborough,4431,1169,1457,519,1175,111,26.4,32.9,11.7,26.5,2.5
00BCFZ,Barkingside,4134,1217,1405,404,1012,96,29.4,34.0,9.8,24.5,2.3
00BCGA,Bridge,4656,1096,1500,585,1338,137,23.5,32.2,12.6,28.7,2.9
00BCGB,Chadwell,4438,1120,1400,505,1313,100,25.2,31.5,11.4,29.6,2.3
00BCGC,Church End,4097,950,1273,291,1398,185,23.2,31.1,7.1,34.1,4.5
00BCGD,Clayhall,4136,1289,1592,377,806,72,31.2,38.5,9.1,19.5,1.7
00BCGE,Clementswood,3696,1199,866,577,912,142,32.4,23.4,15.6,24.7,3.8
00BCGF,Cranbrook,4094,1167,1305,399,1083,140,28.5,31.9,9.7,26.5,3.4
00BCGG,Fairlop,4332,1022,1385,512,1330,83,23.6,32.0,11.8,30.7,1.9
00BCGH,Fullwell,4566,1075,1485,576,1338,92,23.5,32.5,12.6,29.3,2.0
00BCGJ,Goodmayes,4107,1098,1120,498,1240,151,26.7,27.3,12.1,30.2,3.7
00BCGK,Hainault,5001,941,1564,730,1648,118,18.8,31.3,14.6,33.0,2.4
00BCGL,Loxford,4741,1406,939,929,1243,224,29.7,19.8,19.6,26.2,4.7
00BCGM,Mayfield,4089,1124,1394,436,1014,121,27.5,34.1,10.7,24.8,3.0
00BCGN,Monkhams,4151,929,1556,279,1277,110,22.4,37.5,6.7,30.8,2.6
00BCGP,Newbury,4581,1402,1349,601,1082,147,30.6,29.4,13.1,23.6,3.2
00BCGQ,Roding,4536,1013,1339,589,1403,192,22.3,29.5,13.0,30.9,4.2
00BCGR,Seven Kings,4205,1212,1152,592,1084,165,28.8,27.4,14.1,25.8,3.9
00BCGS,Snaresbrook,5198,793,1588,379,2218,220,15.3,30.6,7.3,42.7,4.2
00BCGT,Valentines,4513,1059,1118,514,1609,213,23.5,24.8,11.4,35.7,4.7
00BCGU,Wanstead,4582,1113,1531,423,1329,186,24.3,33.4,9.2,29.0,4.1
00BDFW,Barnes,4137,1000,1196,359,1345,237,24.2,28.9,8.7,32.5,5.7
00BDFX,East Sheen,4011,1082,1222,280,1206,221,27.0,30.5,7.0,30.1,5.5
00BDFY,Fulwell and Hampton Hill,4125,970,1235,311,1401,208,23.5,29.9,7.5,34.0,5.0
00BDFZ,Ham Petersham & Richmond Riversi,4256,776,1277,402,1634,167,18.2,30.0,9.4,38.4,3.9
00BDGA,Hampton,4033,1003,1255,357,1305,113,24.9,31.1,8.9,32.4,2.8
00BDGB,Hampton North,3969,858,1198,434,1375,104,21.6,30.2,10.9,34.6,2.6
00BDGC,Hampton Wick,4122,861,1174,273,1609,205,20.9,28.5,6.6,39.0,5.0
00BDGD,Heathfield,3780,959,1230,430,1046,115,25.4,32.5,11.4,27.7,3.0
00BDGE,Kew,4210,920,1267,289,1501,233,21.9,30.1,6.9,35.7,5.5
00BDGF,Mortlake and Barnes Common,4727,834,1297,409,1829,358,17.6,27.4,8.7,38.7,7.6
00BDGG,North Richmond,4545,897,1248,378,1755,267,19.7,27.5,8.3,38.6,5.9
00BDGH,St. Margarets & North Twickenham,4263,1016,1334,237,1402,274,23.8,31.3,5.6,32.9,6.4
00BDGJ,South Richmond,5160,741,1529,280,2323,287,14.4,29.6,5.4,45.0,5.6
00BDGK,South Twickenham,3817,849,1204,219,1312,233,22.2,31.5,5.7,34.4,6.1
00BDGL,Teddington,4412,981,1261,273,1684,213,22.2,28.6,6.2,38.2,4.8
00BDGM,Twickenham Riverside,4674,770,1423,246,1932,303,16.5,30.4,5.3,41.3,6.5
00BDGN,West Twickenham,4230,940,1308,421,1354,207,22.2,30.9,10.0,32.0,4.9
00BDGP,Whitton,3675,913,1310,271,1030,151,24.8,35.6,7.4,28.0,4.1
00BEGC,Brunswick Park,4593,756,921,861,1649,406,16.5,20.1,18.7,35.9,8.8
00BEGD,Camberwell Green,5499,759,922,1195,2142,481,13.8,16.8,21.7,39.0,8.7
00BEGE,Cathedrals,5204,602,1091,721,2269,521,11.6,21.0,13.9,43.6,10.0
00BEGF,Chaucer,5161,774,973,786,1948,680,15.0,18.9,15.2,37.7,13.2
00BEGG,College,4603,733,1261,720,1608,281,15.9,27.4,15.6,34.9,6.1
00BEGH,East Dulwich,4652,850,1310,532,1546,414,18.3,28.2,11.4,33.2,8.9
00BEGJ,East Walworth,5384,721,1082,954,2159,468,13.4,20.1,17.7,40.1,8.7
00BEGK,Faraday,5249,848,1021,1166,1879,335,16.2,19.5,22.2,35.8,6.4
00BEGL,Grange,5679,617,1187,896,2443,536,10.9,20.9,15.8,43.0,9.4
00BEGM,Livesey,5110,812,950,1147,1904,297,15.9,18.6,22.4,37.3,5.8
00BEGN,Newington,5769,731,1112,1108,2292,526,12.7,19.3,19.2,39.7,9.1
00BEGP,Nunhead,4523,678,993,879,1661,312,15.0,22.0,19.4,36.7,6.9
00BEGQ,Peckham,4209,875,664,1181,1250,239,20.8,15.8,28.1,29.7,5.7
00BEGR,Peckham Rye,4931,896,1188,745,1750,352,18.2,24.1,15.1,35.5,7.1
00BEGS,Riverside,5411,539,1410,644,2389,429,10.0,26.1,11.9,44.2,7.9
00BEGT,Rotherhithe,5134,729,1239,791,1840,535,14.2,24.1,15.4,35.8,10.4
00BEGU,South Bermondsey,5215,783,1129,930,2019,354,15.0,21.6,17.8,38.7,6.8
00BEGW,South Camberwell,4830,740,1031,767,1791,501,15.3,21.3,15.9,37.1,10.4
00BEGX,Surrey Docks,5267,657,1631,498,1814,667,12.5,31.0,9.5,34.4,12.7
00BEGY,The Lane,5293,792,1154,881,2036,430,15.0,21.8,16.6,38.5,8.1
00BEGZ,Village,4090,1120,1212,385,1120,253,27.4,29.6,9.4,27.4,6.2
00BFGC,Beddington North,3989,1103,1391,365,1043,87,27.7,34.9,9.2,26.1,2.2
00BFGD,Beddington South,4118,982,1188,733,1154,61,23.8,28.8,17.8,28.0,1.5
00BFGE,Belmont,4343,892,1470,302,1553,126,20.5,33.8,7.0,35.8,2.9
00BFGF,Carshalton Central,4112,1023,1344,349,1282,114,24.9,32.7,8.5,31.2,2.8
00BFGG,Carshalton South and Clockhouse,3542,1125,1304,344,711,58,31.8,36.8,9.7,20.1,1.6
00BFGH,Cheam,3805,1001,1511,249,955,89,26.3,39.7,6.5,25.1,2.3
00BFGJ,Nonsuch,3879,1152,1407,271,977,72,29.7,36.3,7.0,25.2,1.9
00BFGK,St. Helier,4298,1057,1060,767,1316,98,24.6,24.7,17.8,30.6,2.3
00BFGL,Stonecot,3890,1202,1392,345,873,78,30.9,35.8,8.9,22.4,2.0
00BFGM,Sutton Central,4981,802,1246,504,2278,151,16.1,25.0,10.1,45.7,3.0
00BFGN,Sutton North,4056,952,1391,399,1187,127,23.5,34.3,9.8,29.3,3.1
00BFGP,Sutton South,4931,528,1239,291,2685,188,10.7,25.1,5.9,54.5,3.8
00BFGQ,Sutton West,4762,840,1498,284,1942,198,17.6,31.5,6.0,40.8,4.2
00BFGR,The Wrythe,4304,1032,1396,470,1321,85,24.0,32.4,10.9,30.7,2.0
00BFGS,Wallington North,4354,977,1277,423,1531,146,22.4,29.3,9.7,35.2,3.4
00BFGT,Wallington South,4370,825,1225,445,1738,137,18.9,28.0,10.2,39.8,3.1
00BFGU,Wandle Valley,4597,1038,1185,735,1536,103,22.6,25.8,16.0,33.4,2.2
00BFGW,Worcester Park,4068,1064,1392,319,1191,102,26.2,34.2,7.8,29.3,2.5
00BGFW,Bethnal Green North,4627,818,875,639,1851,444,17.7,18.9,13.8,40.0,9.6
00BGFX,Bethnal Green South,5039,1173,885,558,1911,512,23.3,17.6,11.1,37.9,10.2
00BGFY,Blackwall and Cubitt Town,5310,723,1385,594,2003,605,13.6,26.1,11.2,37.7,11.4
00BGFZ,Bow East,4213,463,973,612,1859,306,11.0,23.1,14.5,44.1,7.3
00BGGA,Bow West,4409,697,1058,572,1597,485,15.8,24.0,13.0,36.2,11.0
00BGGB,Bromley-by-Bow,4188,1066,660,746,1471,245,25.5,15.8,17.8,35.1,5.9
00BGGC,East India and Lansbury,4409,949,790,818,1632,220,21.5,17.9,18.6,37.0,5.0
00BGGD,Limehouse,5108,928,1134,674,1970,402,18.2,22.2,13.2,38.6,7.9
00BGGE,Mile End and Globe Town,4632,840,896,646,1861,389,18.1,19.3,13.9,40.2,8.4
00BGGF,Mile End East,4233,867,752,680,1528,406,20.5,17.8,16.1,36.1,9.6
00BGGG,Millwall,6013,689,1744,521,2351,708,11.5,29.0,8.7,39.1,11.8
00BGGH,St. Dunstan's and Stepney Green,4619,1065,888,632,1718,316,23.1,19.2,13.7,37.2,6.8
00BGGJ,St. Katherine's and Wapping,5301,693,1438,342,2319,509,13.1,27.1,6.5,43.7,9.6
00BGGK,Shadwell,4437,1028,852,496,1716,345,23.2,19.2,11.2,38.7,7.8
00BGGL,Spitalfields and Banglatown,2936,744,609,245,1080,258,25.3,20.7,8.3,36.8,8.8
00BGGM,Weavers,4715,868,906,553,1945,443,18.4,19.2,11.7,41.3,9.4
00BGGN,Whitechapel,4341,961,788,415,1761,416,22.1,18.2,9.6,40.6,9.6
00BHFX,Cann Hall,4641,862,994,930,1548,307,18.6,21.4,20.0,33.4,6.6
00BHFY,Cathall,4191,775,831,878,1380,327,18.5,19.8,20.9,32.9,7.8
00BHFZ,Chapel End,4443,1095,1234,672,1235,207,24.6,27.8,15.1,27.8,4.7
00BHGA,Chingford Green,4176,802,1455,344,1487,88,19.2,34.8,8.2,35.6,2.1
00BHGB,Endlebury,4159,920,1544,428,1190,77,22.1,37.1,10.3,28.6,1.9
00BHGC,Forest,3988,874,1012,526,1275,301,21.9,25.4,13.2,32.0,7.5
00BHGD,Grove Green,4822,856,1160,633,1720,453,17.8,24.1,13.1,35.7,9.4
00BHGE,Hale End and Highams Park,3925,1026,1288,528,990,93,26.1,32.8,13.5,25.2,2.4
00BHGF,Hatch Lane,4277,865,1346,567,1423,76,20.2,31.5,13.3,33.3,1.8
00BHGG,High Street,4942,802,1256,621,1885,378,16.2,25.4,12.6,38.1,7.6
00BHGH,Higham Hill,4476,931,1013,913,1420,199,20.8,22.6,20.4,31.7,4.4
00BHGJ,Hoe Street,5000,815,1253,701,1872,359,16.3,25.1,14.0,37.4,7.2
00BHGK,Larkswood,4332,994,1380,528,1312,118,22.9,31.9,12.2,30.3,2.7
00BHGL,Lea Bridge,5029,1000,1108,810,1740,371,19.9,22.0,16.1,34.6,7.4
00BHGM,Leyton,4869,969,1001,1025,1560,314,19.9,20.6,21.1,32.0,6.4
00BHGN,Leytonstone,4305,826,1077,498,1562,342,19.2,25.0,11.6,36.3,7.9
00BHGP,Markhouse,4390,847,1086,720,1451,286,19.3,24.7,16.4,33.1,6.5
00BHGQ,Valley,4220,994,1334,644,1153,95,23.6,31.6,15.3,27.3,2.3
00BHGR,William Morris,4586,868,1144,668,1575,331,18.9,24.9,14.6,34.3,7.2
00BHGS,Wood Street,5017,887,1216,732,1949,233,17.7,24.2,14.6,38.8,4.6
00BJFZ,Balham,5671,932,1558,451,1894,836,16.4,27.5,8.0,33.4,14.7
00BJGA,Bedford,6041,813,1552,450,2413,813,13.5,25.7,7.4,39.9,13.5
00BJGB,Earlsfield,5758,804,1562,578,2023,791,14.0,27.1,10.0,35.1,13.7
00BJGC,East Putney,6450,739,1816,416,2651,828,11.5,28.2,6.4,41.1,12.8
00BJGD,Fairfield,5789,697,1566,470,2225,831,12.0,27.1,8.1,38.4,14.4
00BJGE,Furzedown,5515,1039,1288,709,1955,524,18.8,23.4,12.9,35.4,9.5
00BJGF,Graveney,5476,813,1397,683,1719,864,14.8,25.5,12.5,31.4,15.8
00BJGG,Latchmere,5839,665,1102,1114,2290,668,11.4,18.9,19.1,39.2,11.4
00BJGH,Nightingale,5963,1003,1455,482,2289,734,16.8,24.4,8.1,38.4,12.3
00BJGJ,Northcote,5669,977,1586,453,1865,788,17.2,28.0,8.0,32.9,13.9
00BJGK,Queenstown,6129,614,1198,858,2670,789,10.0,19.5,14.0,43.6,12.9
00BJGL,Roehampton,5314,747,1200,1007,1914,446,14.1,22.6,18.9,36.0,8.4
00BJGM,St. Mary's Park,5952,613,1344,720,2519,756,10.3,22.6,12.1,42.3,12.7
00BJGN,Shaftesbury,5841,659,1589,480,2128,985,11.3,27.2,8.2,36.4,16.9
00BJGP,Southfields,6301,1068,1858,572,2134,669,16.9,29.5,9.1,33.9,10.6
00BJGQ,Thamesfield,5673,915,1688,351,2043,676,16.1,29.8,6.2,36.0,11.9
00BJGR,Tooting,5434,775,1312,673,1750,924,14.3,24.1,12.4,32.2,17.0
00BJGS,Wandsworth Common,5358,1211,1397,456,1738,556,22.6,26.1,8.5,32.4,10.4
00BJGT,West Hill,5889,936,1507,830,1996,620,15.9,25.6,14.1,33.9,10.5
00BJGU,West Putney,5591,952,1482,619,2072,466,17.0,26.5,11.1,37.1,8.3
00BKGA,Abbey Road,4690,735,1213,278,2138,326,15.7,25.9,5.9,45.6,7.0
00BKGB,Bayswater,4537,426,942,259,2479,431,9.4,20.8,5.7,54.6,9.5
00BKGC,Bryanston and Dorset Square,5478,403,1299,301,2761,714,7.4,23.7,5.5,50.4,13.0
00BKGD,Churchill,4080,523,786,529,1978,264,12.8,19.3,13.0,48.5,6.5
00BKGE,Church Street,2756,434,529,470,1118,205,15.7,19.2,17.1,40.6,7.4
00BKGF,Harrow Road,4001,477,789,659,1661,415,11.9,19.7,16.5,41.5,10.4
00BKGG,Hyde Park,5018,499,1215,331,2461,512,9.9,24.2,6.6,49.0,10.2
00BKGH,Knightsbridge and Belgravia,4231,514,1105,267,2094,251,12.1,26.1,6.3,49.5,5.9
00BKGJ,Lancaster Gate,6425,507,1335,377,3415,791,7.9,20.8,5.9,53.2,12.3
00BKGK,Little Venice,3939,552,1037,318,1676,356,14.0,26.3,8.1,42.5,9.0
00BKGL,Maida Vale,4579,576,1017,542,1843,601,12.6,22.2,11.8,40.2,13.1
00BKGM,Marylebone High Street,4793,344,1239,218,2451,541,7.2,25.9,4.5,51.1,11.3
00BKGN,Queen's Park,3849,647,767,867,1290,278,16.8,19.9,22.5,33.5,7.2
00BKGP,Regent's Park,5774,667,1289,440,2855,523,11.6,22.3,7.6,49.4,9.1
00BKGQ,St. James's,4421,346,857,273,2586,359,7.8,19.4,6.2,58.5,8.1
00BKGR,Tachbrook,5028,353,996,324,2995,360,7.0,19.8,6.4,59.6,7.2
00BKGS,Vincent Square,4306,503,836,435,2192,340,11.7,19.4,10.1,50.9,7.9
00BKGT,Warwick,4642,366,978,290,2614,394,7.9,21.1,6.2,56.3,8.5
00BKGU,Westbourne,4442,620,780,812,1820,410,14.0,17.6,18.3,41.0,9.2
00BKGW,West End,4183,260,903,242,2487,291,6.2,21.6,5.8,59.5,7.0
H,LONDON,3015997,589696,803489,386902,1046888,189022,19.6,26.6,12.8,34.7,6.3
727,England and Wales,21660475,4750782,7479062,2282238,6502612,645781,21.9,34.5,10.5,30.0,3.0
