"gss_code","density","percentage","wardname","chargepointcount"
"E05000026",54.5630280921647,0.0103513545486809,"Abbey",7
"E05000027",7.32912153149323,0.00147876493552585,"Alibon",1
"E05000028",7.76343267939352,0.00147876493552585,"Becontree",1
"E05000029",2.95489063949743,0.00147876493552585,"Chadwell Heath",1
"E05000030",2.89804671651307,0.00147876493552585,"Eastbrook",1
"E05000031",6.94825633507271,0.00147876493552585,"Eastbury",1
"E05000032",8.78163584312486,0.00147876493552585,"Gascoigne",1
"E05000033",7.82582836393232,0.00147876493552585,"Goresbrook",1
"E05000034",4.99680204669012,0.00147876493552585,"Heath",1
"E05000035",12.1558378411232,0.0029575298710517,"Longbridge",2
"E05000036",5.38671205869361,0.00147876493552585,"Mayesbrook",1
"E05000037",8.03961924363262,0.00147876493552585,"Parsloes",1
"E05000038",16.9315036021774,0.00887258961315509,"River",6
"E05000039",6.33835669229053,0.00739382467762924,"Thames",5
"E05000040",15.4698183843322,0.0029575298710517,"Valence",2
"E05000041",218.861176821204,0.0695019519697149,"Village",47
"E05000042",38.6102870674843,0.00887258961315509,"Whalebone",6
"E05000043",47.2402259972412,0.0221814740328877,"Brunswick Park",15
"E05000044",4.83748470145463,0.00147876493552585,"Burnt Oak",1
"E05000045",3.23309656289504,0.00147876493552585,"Childs Hill",1
"E05000046",3.79323817363168,0.00147876493552585,"Colindale",1
"E05000047",3.67568680207897,0.00147876493552585,"Coppetts",1
"E05000048",16.0024323697202,0.00887258961315509,"East Barnet",6
"E05000049",3.98423835307523,0.00147876493552585,"East Finchley",1
"E05000050",3.59937514847422,0.0029575298710517,"Edgware",2
"E05000051",3.66886309270483,0.00147876493552585,"Finchley Church End",1
"E05000052",4.23096857448091,0.0029575298710517,"Garden Suburb",2
"E05000053",13.4547851943544,0.00591505974210339,"Golders Green",4
"E05000054",1.84394678369582,0.00147876493552585,"Hale",1
"E05000055",7.0454537448348,0.0029575298710517,"Hendon",2
"E05000056",2.40770658724445,0.0029575298710517,"High Barnet",2
"E05000057",20.2359942955797,0.0280965337749911,"Mill Hill",19
"E05000058",3.01330978933951,0.00147876493552585,"Oakleigh",1
"E05000059",2.27934254643591,0.0029575298710517,"Totteridge",2
"E05000060",2.19754621989087,0.00147876493552585,"Underhill",1
"E05000061",13.8668047184114,0.00443629480657755,"West Finchley",3
"E05000062",20.4161987954443,0.0103513545486809,"West Hendon",7
"E05000063",3.81509020780796,0.00147876493552585,"Woodhouse",1
"E05000064",3.47535969972892,0.00147876493552585,"Barnehurst",1
"E05000065",15.7456014662304,0.00739382467762924,"Belvedere",5
"E05000066",5.93267599283333,0.00147876493552585,"Blackfen and Lamorbey",1
"E05000067",19.0666857333524,0.00591505974210339,"Blendon and Penhill",4
"E05000068",5.08269545505372,0.00147876493552585,"Brampton",1
"E05000069",19.5919390925798,0.00739382467762924,"Christchurch",5
"E05000070",6.08298406866472,0.00147876493552585,"Colyers",1
"E05000071",10.0697582502788,0.00591505974210339,"Crayford",4
"E05000072",2.78152124178234,0.0029575298710517,"Cray Meadows",2
"E05000073",7.37126092789433,0.0029575298710517,"Danson Park",2
"E05000074",4.60165751703764,0.00147876493552585,"East Wickham",1
"E05000075",2.10378829157664,0.00147876493552585,"Erith",1
"E05000076",5.98709183001449,0.00147876493552585,"Falconwood and Welling",1
"E05000077",4.21907104493733,0.00147876493552585,"Lesnes Abbey",1
"E05000078",3.8502558495012,0.00147876493552585,"Longlands",1
"E05000079",8.80280140351866,0.00739382467762924,"North End",5
"E05000080",5.7050923654454,0.00147876493552585,"Northumberland Heath",1
"E05000081",74.5168261251476,0.048799242872353,"St. Mary's",33
"E05000082",6.90540969795738,0.00147876493552585,"St. Michael's",1
"E05000083",3.69894986813244,0.00147876493552585,"Sidcup",1
"E05000084",2.06881285312049,0.00147876493552585,"Thamesmead East",1
"E05000085",9.71567089136422,0.0029575298710517,"Alperton",2
"E05000086",16.7837050364542,0.00739382467762924,"Barnhill",5
"E05000087",17.3468561714332,0.00443629480657755,"Brondesbury Park",3
"E05000088",4.34865800413992,0.00147876493552585,"Dollis Hill",1
"E05000089",47.5782662479779,0.0118301194842068,"Dudden Hill",8
"E05000090",3.76027495130444,0.00147876493552585,"Fryent",1
"E05000091",35.9163149860824,0.00591505974210339,"Harlesden",4
"E05000092",205.342475537462,0.0340115935170945,"Kensal Green",23
"E05000093",8.91603325680405,0.0029575298710517,"Kenton",2
"E05000094",328.389830508475,0.0458417130013013,"Kilburn",31
"E05000095",64.5869663501905,0.0133088844197326,"Mapesbury",9
"E05000096",3.73146859409458,0.00147876493552585,"Northwick Park",1
"E05000097",4.1871137387576,0.00147876493552585,"Preston",1
"E05000098",134.623928056973,0.029575298710517,"Queens Park",20
"E05000099",34.1256995768413,0.0103513545486809,"Queensbury",7
"E05000100",12.3437588720767,0.00739382467762924,"Stonebridge",5
"E05000101",4.70632530120482,0.00147876493552585,"Sudbury",1
"E05000102",43.4913397869649,0.0177451792263102,"Tokyngton",12
"E05000103",4.31225932202659,0.00147876493552585,"Welsh Harp",1
"E05000104",12.4669625492445,0.0029575298710517,"Wembley Central",2
"E05000105",19.3794693901281,0.00443629480657755,"Willesden Green",3
"E05000106",2.05375498292303,0.00147876493552585,"Bickley",1
"E05000107",1.20767258547001,0.00147876493552585,"Biggin Hill",1
"E05000108",1.20363014852796,0.00147876493552585,"Bromley Common and Keston",1
"E05000109",18.834621262673,0.0103513545486809,"Bromley Town",7
"E05000110",0.795975547631177,0.00147876493552585,"Chelsfield and Pratts Bottom",1
"E05000111",0.957744320576179,0.00147876493552585,"Chislehurst",1
"E05000112",8.82429504912926,0.0029575298710517,"Clock House",2
"E05000113",15.2118092317428,0.00739382467762924,"Copers Cope",5
"E05000114",0.75308803749776,0.00147876493552585,"Cray Valley East",1
"E05000115",2.53903770470991,0.00147876493552585,"Cray Valley West",1
"E05000116",4.3646394371361,0.00147876493552585,"Crystal Palace",1
"E05000117",0.344357360294219,0.00147876493552585,"Darwin",1
"E05000118",1.42738058534023,0.00147876493552585,"Farnborough and Crofton",1
"E05000119",1.84790622984627,0.0029575298710517,"Hayes and Coney Hall",2
"E05000120",1.92346531511171,0.00147876493552585,"Kelsey and Eden Park",1
"E05000121",8.19054483504243,0.0029575298710517,"Mottingham and Chislehurst North",2
"E05000122",2.34953573173941,0.00147876493552585,"Orpington",1
"E05000123",20.2721879096671,0.00887258961315509,"Penge and Cator",6
"E05000124",2.32489474039063,0.00147876493552585,"Petts Wood and Knoll",1
"E05000125",12.4970631901503,0.00739382467762924,"Plaistow and Sundridge",5
"E05000126",8.14116785052816,0.0029575298710517,"Shortlands",2
"E05000127",9.069328212186,0.00591505974210339,"West Wickham",4
"E05000128",217.789564036537,0.0251390039039394,"Belsize",17
"E05000129",146.927740937007,0.0221814740328877,"Bloomsbury",15
"E05000130",111.477940230674,0.019223944161836,"Camden Town with Primrose Hill",13
"E05000131",92.186532864499,0.0103513545486809,"Cantelowes",7
"E05000132",69.5465564519334,0.0103513545486809,"Fortune Green",7
"E05000133",98.0244799801337,0.0221814740328877,"Frognal and Fitzjohns",15
"E05000134",57.7767506355443,0.00591505974210339,"Gospel Oak",4
"E05000135",65.3223863900808,0.0236602389684136,"Hampstead Town",16
"E05000136",40.9964879675308,0.00443629480657755,"Haverstock",3
"E05000137",27.7841235343875,0.0133088844197326,"Highgate",9
"E05000138",133.899056848518,0.0236602389684136,"Holborn and Covent Garden",16
"E05000139",126.342387871131,0.019223944161836,"Kentish Town",13
"E05000140",452.435856271345,0.0458417130013013,"Kilburn",31
"E05000141",65.4257581209722,0.00591505974210339,"King's Cross",4
"E05000142",155.606271673731,0.0310540636460428,"Regent's Park",21
"E05000143",57.188199215092,0.0118301194842068,"St. Pancras and Somers Town",8
"E05000144",55.7009970478472,0.0103513545486809,"Swiss Cottage",7
"E05000145",90.1621792198717,0.0118301194842068,"West Hampstead",8
"E05000146",6.29691199435797,0.00147876493552585,"Addiscombe",1
"E05000147",3.68768277077733,0.00147876493552585,"Ashburton",1
"E05000148",6.93736255350441,0.00147876493552585,"Bensham Manor",1
"E05000149",7.51328913014895,0.0029575298710517,"Broad Green",2
"E05000150",1.2913923534076,0.00147876493552585,"Coulsdon East",1
"E05000151",10.0170891540969,0.00739382467762924,"Coulsdon West",5
"E05000152",2.83523057512652,0.00147876493552585,"Croham",1
"E05000153",60.9722152266178,0.0340115935170945,"Fairfield",23
"E05000154",6.72725682648387,0.00147876493552585,"Fieldway",1
"E05000155",3.44296498963668,0.00443629480657755,"Heathfield",3
"E05000156",6.19585404426628,0.00591505974210339,"Kenley",4
"E05000157",4.13718919366183,0.00147876493552585,"New Addington",1
"E05000158",3.97112200081011,0.00147876493552585,"Norbury",1
"E05000159",16.7657442313864,0.0103513545486809,"Purley",7
"E05000160",1.57579577686732,0.00147876493552585,"Sanderstead",1
"E05000161",4.39941399805546,0.00147876493552585,"Selhurst",1
"E05000162",1.56290537858257,0.00147876493552585,"Selsdon and Ballards",1
"E05000163",3.56454136828485,0.00147876493552585,"Shirley",1
"E05000164",4.20491386233953,0.00147876493552585,"South Norwood",1
"E05000165",5.94859226564034,0.00147876493552585,"Thornton Heath",1
"E05000166",7.62404318258059,0.0029575298710517,"Upper Norwood",2
"E05000167",13.7076809619502,0.00739382467762924,"Waddon",5
"E05000168",30.4387749407712,0.00887258961315509,"West Thornton",6
"E05000169",9.2314367346562,0.0029575298710517,"Woodside",2
"E05000170",56.3497743191539,0.0147876493552585,"Acton Central",10
"E05000171",22.4360124923718,0.00739382467762924,"Cleveland",5
"E05000172",8.86014264829664,0.0029575298710517,"Dormers Wells",2
"E05000173",10.7714513453543,0.0029575298710517,"Ealing Broadway",2
"E05000174",37.3646698364362,0.0118301194842068,"Ealing Common",8
"E05000175",9.35479947987315,0.00591505974210339,"East Acton",4
"E05000176",20.0037006846267,0.00591505974210339,"Elthorne",4
"E05000177",3.97347309362695,0.00147876493552585,"Greenford Broadway",1
"E05000178",5.90882098340508,0.0029575298710517,"Greenford Green",2
"E05000179",21.3594365990895,0.0103513545486809,"Hanger Hill",7
"E05000180",4.52617714552112,0.00147876493552585,"Hobbayne",1
"E05000181",6.48584140820589,0.00147876493552585,"Lady Margaret",1
"E05000182",58.4373843426768,0.0133088844197326,"Northfield",9
"E05000183",3.06996134918661,0.00147876493552585,"North Greenford",1
"E05000184",3.62760462011724,0.00147876493552585,"Northolt Mandeville",1
"E05000185",5.64117607238757,0.0029575298710517,"Northolt West End",2
"E05000186",52.68578985219,0.029575298710517,"Norwood Green",20
"E05000187",14.8467077425581,0.00739382467762924,"Perivale",5
"E05000188",46.5332712889716,0.0118301194842068,"South Acton",8
"E05000189",6.1833359097233,0.00147876493552585,"Southall Broadway",1
"E05000190",18.9136026630353,0.00443629480657755,"Southall Green",3
"E05000191",202.983152398351,0.0428841831302496,"Southfield",29
"E05000192",20.4644055772327,0.00443629480657755,"Walpole",3
"E05000193",6.74140639220154,0.00147876493552585,"Bowes",1
"E05000194",3.96119612278124,0.00147876493552585,"Bush Hill Park",1
"E05000195",0.590478766088332,0.00147876493552585,"Chase",1
"E05000196",8.643216659512,0.0133088844197326,"Cockfosters",9
"E05000197",12.7941863217354,0.00591505974210339,"Edmonton Green",4
"E05000198",2.15678535456473,0.00147876493552585,"Enfield Highway",1
"E05000199",9.22421294403055,0.00443629480657755,"Enfield Lock",3
"E05000200",66.9678189190176,0.0325328285815687,"Grange",22
"E05000201",16.703600182626,0.00443629480657755,"Haselbury",3
"E05000202",1.96539721660446,0.00147876493552585,"Highlands",1
"E05000203",2.54561098482052,0.00147876493552585,"Jubilee",1
"E05000204",4.58194347714527,0.00147876493552585,"Lower Edmonton",1
"E05000205",5.14901241941796,0.00147876493552585,"Palmers Green",1
"E05000206",2.8224987016506,0.00147876493552585,"Ponders End",1
"E05000207",31.3912606730286,0.0133088844197326,"Southbury",9
"E05000208",11.1637461066435,0.00443629480657755,"Southgate",3
"E05000209",26.7839036391673,0.0103513545486809,"Southgate Green",7
"E05000210",53.7778972842162,0.0177451792263102,"Town",12
"E05000211",4.42184390891002,0.00147876493552585,"Turkey Street",1
"E05000212",3.78443838934302,0.00147876493552585,"Upper Edmonton",1
"E05000213",3.62226971420292,0.00147876493552585,"Winchmore Hill",1
"E05000214",3.76334576491884,0.00147876493552585,"Abbey Wood",1
"E05000215",18.7077613825036,0.00591505974210339,"Blackheath Westcombe",4
"E05000216",64.001575423395,0.019223944161836,"Charlton",13
"E05000217",15.6902739914096,0.00591505974210339,"Coldharbour and New Eltham",4
"E05000218",7.82742102132189,0.0029575298710517,"Eltham North",2
"E05000219",8.6460127831299,0.00591505974210339,"Eltham South",4
"E05000220",12.3678699229894,0.00443629480657755,"Eltham West",3
"E05000221",5.87557874450633,0.00147876493552585,"Glyndon",1
"E05000222",46.5559351654884,0.019223944161836,"Greenwich West",13
"E05000223",16.8453679449493,0.00591505974210339,"Kidbrooke with Hornfair",4
"E05000224",6.07638625156847,0.0029575298710517,"Middle Park and Sutcliffe",2
"E05000225",109.084270938614,0.0724594818407666,"Peninsula",49
"E05000226",4.27005538261831,0.00147876493552585,"Plumstead",1
"E05000227",21.2161072686383,0.0118301194842068,"Shooters Hill",8
"E05000228",8.31158468673637,0.00591505974210339,"Thamesmead Moorings",4
"E05000229",34.346556757685,0.0133088844197326,"Woolwich Common",9
"E05000230",21.4652156180909,0.0103513545486809,"Woolwich Riverside",7
"E05000231",35.7760419772226,0.00443629480657755,"Brownswood",3
"E05000232",29.2132862025649,0.0029575298710517,"Cazenove",2
"E05000233",22.038567493113,0.0029575298710517,"Chatham",2
"E05000234",57.1069613385872,0.00591505974210339,"Clissold",4
"E05000235",21.5847525308122,0.0029575298710517,"Dalston",2
"E05000236",78.843922823063,0.0103513545486809,"De Beauvoir",7
"E05000237",51.261678051031,0.00591505974210339,"Hackney Central",4
"E05000238",9.82270026030156,0.00147876493552585,"Hackney Downs",1
"E05000239",88.5311871227364,0.0162664142907843,"Haggerston",11
"E05000240",11.9104335397808,0.00147876493552585,"Hoxton",1
"E05000241",38.4708391039592,0.0103513545486809,"King's Park",7
"E05000242",103.419422167483,0.0162664142907843,"Leabridge",11
"E05000243",75.7550250833305,0.0133088844197326,"Lordship",9
"E05000244",30.6754739360723,0.00443629480657755,"New River",3
"E05000245",74.0919110156149,0.0118301194842068,"Queensbridge",8
"E05000246",41.992105484169,0.00591505974210339,"Springfield",4
"E05000247",154.51174289246,0.0162664142907843,"Stoke Newington Central",11
"E05000248",87.2589471584747,0.0103513545486809,"Victoria",7
"E05000249",98.3139163348572,0.0236602389684136,"Wick",16
"E05000250",162.217696148231,0.0133088844197326,"Addison",9
"E05000251",196.72131147541,0.0221814740328877,"Askew",15
"E05000252",100.380329916684,0.0133088844197326,"Avonmore and Brook Green",9
"E05000253",23.2792285263666,0.0118301194842068,"College Park and Old Oak",8
"E05000254",134.736589966615,0.0133088844197326,"Fulham Broadway",9
"E05000255",79.3668790675526,0.0103513545486809,"Fulham Reach",7
"E05000256",99.7234939485971,0.0162664142907843,"Hammersmith Broadway",11
"E05000257",96.1122591186506,0.00887258961315509,"Munster",6
"E05000258",78.7190830801203,0.00739382467762924,"North End",5
"E05000259",283.624723972367,0.0621081272920856,"Palace Riverside",42
"E05000260",167.435007311329,0.0221814740328877,"Parsons Green and Walham",15
"E05000261",90.5103963532539,0.0162664142907843,"Ravenscourt Park",11
"E05000262",58.0526247042944,0.0118301194842068,"Sands End",8
"E05000263",215.315483991762,0.0340115935170945,"Shepherd's Bush Green",23
"E05000264",184.249719786884,0.0177451792263102,"Town",12
"E05000265",44.363604099197,0.00591505974210339,"Wormholt and White City",4
"E05000266",11.4773227231861,0.00443629480657755,"Alexandra",3
"E05000267",7.21375807940905,0.00147876493552585,"Bounds Green",1
"E05000268",10.6771445044737,0.00147876493552585,"Bruce Grove",1
"E05000269",34.7125798389336,0.00739382467762924,"Crouch End",5
"E05000270",5.02333338356667,0.00147876493552585,"Fortis Green",1
"E05000271",6.38532906793352,0.00147876493552585,"Harringay",1
"E05000272",36.0747468755261,0.0133088844197326,"Highgate",9
"E05000273",9.48856627763545,0.00147876493552585,"Hornsey",1
"E05000274",42.340075486306,0.0103513545486809,"Muswell Hill",7
"E05000275",57.113018504618,0.0103513545486809,"Noel Park",7
"E05000276",5.29655406192731,0.00147876493552585,"Northumberland Park",1
"E05000277",9.14235561934888,0.00147876493552585,"St. Ann's",1
"E05000278",7.72421464047643,0.00147876493552585,"Seven Sisters",1
"E05000279",9.14294073545815,0.00147876493552585,"Stroud Green",1
"E05000280",22.0643396143153,0.00443629480657755,"Tottenham Green",3
"E05000281",10.4608528733348,0.0029575298710517,"Tottenham Hale",2
"E05000282",7.14740084768174,0.00147876493552585,"West Green",1
"E05000283",17.6590046207729,0.00443629480657755,"White Hart Lane",3
"E05000284",13.3587148916274,0.0029575298710517,"Woodside",2
"E05000285",11.2546706883357,0.0029575298710517,"Belmont",2
"E05000286",10.6641641428145,0.00887258961315509,"Canons",6
"E05000287",14.2532372665142,0.0029575298710517,"Edgware",2
"E05000288",17.1929623474125,0.00443629480657755,"Greenhill",3
"E05000289",2.79948153601953,0.00147876493552585,"Harrow on the Hill",1
"E05000290",6.53633220254786,0.00443629480657755,"Harrow Weald",3
"E05000291",3.05002653523086,0.00147876493552585,"Hatch End",1
"E05000292",3.03366764350765,0.00147876493552585,"Headstone North",1
"E05000293",6.81366002561936,0.00147876493552585,"Headstone South",1
"E05000294",7.81701921423323,0.00147876493552585,"Kenton East",1
"E05000295",5.66713514983905,0.00147876493552585,"Kenton West",1
"E05000296",6.07300972288857,0.00147876493552585,"Marlborough",1
"E05000297",3.05118050173612,0.00147876493552585,"Pinner",1
"E05000298",4.26328332501993,0.00147876493552585,"Pinner South",1
"E05000299",43.3801839319799,0.0103513545486809,"Queensbury",7
"E05000300",39.2223515107142,0.00887258961315509,"Rayners Lane",6
"E05000301",13.2823291892466,0.0029575298710517,"Roxbourne",2
"E05000302",12.6990577299164,0.0029575298710517,"Roxeth",2
"E05000303",2.24250945778364,0.00147876493552585,"Stanmore Park",1
"E05000304",8.36155357665454,0.00147876493552585,"Wealdstone",1
"E05000305",6.60231609248524,0.00147876493552585,"West Harrow",1
"E05000306",2.37945672244113,0.00147876493552585,"Brooklands",1
"E05000307",1.52555068565876,0.00147876493552585,"Cranham",1
"E05000308",2.72825241791371,0.00147876493552585,"Elm Park",1
"E05000309",2.15404432592414,0.00147876493552585,"Emerson Park",1
"E05000310",1.28883252394651,0.00147876493552585,"Gooshays",1
"E05000311",4.05610403095619,0.00147876493552585,"Hacton",1
"E05000312",5.27027970691975,0.00591505974210339,"Harold Wood",4
"E05000313",1.02214999028958,0.00147876493552585,"Havering Park",1
"E05000314",2.92770900914616,0.00147876493552585,"Heaton",1
"E05000315",3.45096523497622,0.00147876493552585,"Hylands",1
"E05000316",3.28665192055505,0.00147876493552585,"Mawneys",1
"E05000317",2.52871993668085,0.00147876493552585,"Pettits",1
"E05000318",0.592413552052417,0.00147876493552585,"Rainham and Wennington",1
"E05000319",6.98146073102875,0.0029575298710517,"Romford Town",2
"E05000320",3.73535739899594,0.00147876493552585,"St. Andrew's",1
"E05000321",7.27465307179501,0.00739382467762924,"South Hornchurch",5
"E05000322",3.77149279456302,0.00147876493552585,"Squirrel's Heath",1
"E05000323",0.443707692471523,0.00147876493552585,"Upminster",1
"E05000324",23.6048361588322,0.00739382467762924,"Barnhill",5
"E05000325",2.29212174833879,0.00147876493552585,"Botwell",1
"E05000326",3.0516553704557,0.00147876493552585,"Brunel",1
"E05000327",4.97153794526337,0.00147876493552585,"Cavendish",1
"E05000328",3.36210171702535,0.00147876493552585,"Charville",1
"E05000329",2.46098720040557,0.00147876493552585,"Eastcote and East Ruislip",1
"E05000330",0.656726455043134,0.00147876493552585,"Harefield",1
"E05000331",12.7544675711285,0.0443629480657755,"Heathrow Villages",30
"E05000332",2.77922915300212,0.00147876493552585,"Hillingdon East",1
"E05000333",1.61175420103732,0.00147876493552585,"Ickenham",1
"E05000334",10.1307884792673,0.0029575298710517,"Manor",2
"E05000335",6.75863821550324,0.00739382467762924,"Northwood",5
"E05000336",3.00432021246553,0.00147876493552585,"Northwood Hills",1
"E05000337",72.7714648532017,0.029575298710517,"Pinkwell",20
"E05000338",4.04424402968475,0.00443629480657755,"South Ruislip",3
"E05000339",17.1510406393908,0.00887258961315509,"Townfield",6
"E05000340",10.7731223525052,0.00739382467762924,"Uxbridge North",5
"E05000341",48.1622876444467,0.0221814740328877,"Uxbridge South",15
"E05000342",8.59426476064973,0.00443629480657755,"West Drayton",3
"E05000343",2.27925422801659,0.00147876493552585,"West Ruislip",1
"E05000344",4.30800513514212,0.00147876493552585,"Yeading",1
"E05000345",4.97201995768811,0.0029575298710517,"Yiewsley",2
"E05000346",8.9919769086033,0.00591505974210339,"Bedfont",4
"E05000347",18.8471215733577,0.00887258961315509,"Brentford",6
"E05000348",141.641178631658,0.0473204779368272,"Chiswick Homefields",32
"E05000349",134.610854442399,0.0414054181947238,"Chiswick Riverside",28
"E05000350",3.66797491105161,0.00147876493552585,"Cranford",1
"E05000351",5.9093272821822,0.0029575298710517,"Feltham North",2
"E05000352",28.292544914415,0.0133088844197326,"Feltham West",9
"E05000353",3.09350425975537,0.00147876493552585,"Hanworth",1
"E05000354",5.46260030699814,0.0029575298710517,"Hanworth Park",2
"E05000355",35.6129583684517,0.00887258961315509,"Heston Central",6
"E05000356",9.71283988869085,0.0029575298710517,"Heston East",2
"E05000357",13.0665321684955,0.00739382467762924,"Heston West",5
"E05000358",34.6034730352436,0.00887258961315509,"Hounslow Central",6
"E05000359",3.59482058250473,0.00147876493552585,"Hounslow Heath",1
"E05000360",11.1724977794661,0.0029575298710517,"Hounslow South",2
"E05000361",12.3443074226321,0.0029575298710517,"Hounslow West",2
"E05000362",39.3915967876153,0.0118301194842068,"Isleworth",8
"E05000363",4.77871369770494,0.00443629480657755,"Osterley and Spring Grove",3
"E05000364",31.5371191892858,0.0133088844197326,"Syon",9
"E05000365",158.234107361842,0.0414054181947238,"Turnham Green",28
"E05000366",132.510962270515,0.0162664142907843,"Barnsbury",11
"E05000367",203.208852516557,0.0325328285815687,"Bunhill",22
"E05000368",88.0196459849839,0.0147876493552585,"Caledonian",10
"E05000369",148.662041625372,0.0177451792263102,"Canonbury",12
"E05000370",182.280218307367,0.0251390039039394,"Clerkenwell",17
"E05000371",32.741798179556,0.00443629480657755,"Finsbury Park",3
"E05000372",29.7592476862185,0.00443629480657755,"Highbury East",3
"E05000373",46.1876697396863,0.00739382467762924,"Highbury West",5
"E05000374",60.6273720459313,0.00739382467762924,"Hillrise",5
"E05000375",29.7400717727065,0.00443629480657755,"Holloway",3
"E05000376",29.1970802919708,0.00443629480657755,"Junction",3
"E05000377",60.4741170778907,0.00739382467762924,"Mildmay",5
"E05000378",141.874157622189,0.0177451792263102,"St. George's",12
"E05000379",380.048600154323,0.048799242872353,"St. Mary's",33
"E05000380",61.6880312881695,0.00739382467762924,"St. Peter's",5
"E05000381",47.1331275186765,0.00591505974210339,"Tollington",4
"E05000382",190.294957183635,0.0177451792263102,"Abingdon",12
"E05000383",272.23990618194,0.0384478883236721,"Brompton",26
"E05000384",87.5560906205538,0.0118301194842068,"Campden",8
"E05000385",357.033561154748,0.0207027090973619,"Colville",14
"E05000386",376.884422110553,0.0266177688394653,"Courtfield",18
"E05000387",81.929606082454,0.00739382467762924,"Cremorne",5
"E05000388",283.669372436065,0.019223944161836,"Earl's Court",13
"E05000389",95.3258555495536,0.0133088844197326,"Golborne",9
"E05000390",380.200601079045,0.0310540636460428,"Hans Town",21
"E05000391",211.750211750212,0.0325328285815687,"Holland",22
"E05000392",359.150746619148,0.0384478883236721,"Norland",26
"E05000393",224.603734839248,0.0207027090973619,"Notting Barns",14
"E05000394",368.068051693113,0.0266177688394653,"Pembridge",18
"E05000395",230.851677797015,0.0207027090973619,"Queen's Gate",14
"E05000396",201.033888569787,0.0207027090973619,"Redcliffe",14
"E05000397",166.402271945686,0.0221814740328877,"Royal Hospital",15
"E05000398",254.298348473504,0.0266177688394653,"St. Charles",18
"E05000399",286.857401675851,0.0280965337749911,"Stanley",19
"E05000400",11.1729346830238,0.00443629480657755,"Alexandra",3
"E05000401",6.87805213563519,0.00147876493552585,"Berrylands",1
"E05000402",15.9726548149568,0.00443629480657755,"Beverley",3
"E05000403",8.04887275537061,0.00147876493552585,"Canbury",1
"E05000404",15.5456523992124,0.00443629480657755,"Chessington North and Hook",3
"E05000405",2.64839977064858,0.0029575298710517,"Chessington South",2
"E05000406",6.78472080873872,0.00443629480657755,"Coombe Hill",3
"E05000407",6.07127678950883,0.00147876493552585,"Coombe Vale",1
"E05000408",83.3185790016351,0.0236602389684136,"Grove",16
"E05000409",22.2698962965162,0.00443629480657755,"Norbiton",3
"E05000410",5.55506177228691,0.00147876493552585,"Old Malden",1
"E05000411",4.61714623425553,0.00147876493552585,"St. James",1
"E05000412",43.6116239515039,0.00887258961315509,"St. Mark's",6
"E05000413",24.0266214966183,0.00591505974210339,"Surbiton Hill",4
"E05000414",15.4163968797213,0.00591505974210339,"Tolworth and Hook Rise",4
"E05000415",6.31891567407033,0.00147876493552585,"Tudor",1
"E05000416",64.9523574458135,0.0147876493552585,"Bishop's",10
"E05000417",61.8790000353594,0.0103513545486809,"Brixton Hill",7
"E05000418",59.7666113825511,0.0118301194842068,"Clapham Common",8
"E05000419",80.4339860402349,0.0133088844197326,"Clapham Town",9
"E05000420",49.6664072976508,0.00887258961315509,"Coldharbour",6
"E05000421",70.5276644763909,0.00887258961315509,"Ferndale",6
"E05000422",63.667097480693,0.0147876493552585,"Gipsy Hill",10
"E05000423",83.7281691112009,0.0251390039039394,"Herne Hill",17
"E05000424",40.7702866151149,0.00887258961315509,"Knight's Hill",6
"E05000425",113.075270438355,0.0177451792263102,"Larkhall",12
"E05000426",62.6154472308318,0.0118301194842068,"Oval",8
"E05000427",85.9379699732733,0.0147876493552585,"Prince's",10
"E05000428",48.3515572655122,0.0103513545486809,"St. Leonard's",7
"E05000429",57.6847643000531,0.00739382467762924,"Stockwell",5
"E05000430",55.0907817381929,0.0103513545486809,"Streatham Hill",7
"E05000431",23.5558774858812,0.00591505974210339,"Streatham South",4
"E05000432",34.4879912814358,0.00739382467762924,"Streatham Wells",5
"E05000433",37.1198693380599,0.00591505974210339,"Thornton",4
"E05000434",46.210110772237,0.0103513545486809,"Thurlow Park",7
"E05000435",58.1423518581327,0.00887258961315509,"Tulse Hill",6
"E05000436",70.8133801881866,0.0118301194842068,"Vassall",8
"E05000437",6.48359165043067,0.0029575298710517,"Bellingham",2
"E05000438",4.3136358342356,0.00147876493552585,"Blackheath",1
"E05000439",11.8918083278334,0.0029575298710517,"Brockley",2
"E05000440",10.7149553989982,0.0029575298710517,"Catford South",2
"E05000441",5.81523825031112,0.00147876493552585,"Crofton Park",1
"E05000442",12.5956217618756,0.00443629480657755,"Downham",3
"E05000443",5.62999662200203,0.00147876493552585,"Evelyn",1
"E05000444",16.4127253330416,0.00443629480657755,"Forest Hill",3
"E05000445",8.35802433020883,0.0029575298710517,"Grove Park",2
"E05000446",6.22672760557417,0.00147876493552585,"Ladywell",1
"E05000447",5.56043638304734,0.00147876493552585,"Lee Green",1
"E05000448",48.4958996716828,0.0147876493552585,"Lewisham Central",10
"E05000449",16.5641529644312,0.00443629480657755,"New Cross",3
"E05000450",17.8094390026714,0.00443629480657755,"Perry Vale",3
"E05000451",16.8044632654433,0.00443629480657755,"Rushey Green",3
"E05000452",5.73486568944555,0.00147876493552585,"Sydenham",1
"E05000453",6.46700855585232,0.00147876493552585,"Telegraph Hill",1
"E05000454",4.48422449821528,0.00147876493552585,"Whitefoot",1
"E05000455",50.2418787591691,0.0103513545486809,"Abbey",7
"E05000456",4.49753535062786,0.00147876493552585,"Cannon Hill",1
"E05000457",36.006841299847,0.00591505974210339,"Colliers Wood",4
"E05000458",3.33830741137628,0.00147876493552585,"Cricket Green",1
"E05000459",34.7231264703074,0.00591505974210339,"Dundonald",4
"E05000460",17.514668534898,0.0029575298710517,"Figge's Marsh",2
"E05000461",79.3210121361149,0.0103513545486809,"Graveney",7
"E05000462",25.2317112146546,0.00443629480657755,"Hillside",3
"E05000463",42.3854533124232,0.00739382467762924,"Lavender Fields",5
"E05000464",6.74113372386968,0.00147876493552585,"Longthornton",1
"E05000465",16.6317400126401,0.00443629480657755,"Lower Morden",3
"E05000466",16.5363966089363,0.00443629480657755,"Merton Park",3
"E05000467",9.24530569603284,0.0029575298710517,"Pollards Hill",2
"E05000468",5.43614164410668,0.00147876493552585,"Ravensbury",1
"E05000469",53.8645092135243,0.0147876493552585,"Raynes Park",10
"E05000470",43.3540891034916,0.0118301194842068,"St. Helier",8
"E05000471",27.880781777121,0.00443629480657755,"Trinity",3
"E05000472",75.6496615884819,0.0695019519697149,"Village",47
"E05000473",15.371687401365,0.00443629480657755,"West Barnes",3
"E05000474",25.9732389061803,0.00887258961315509,"Wimbledon Park",6
"E05000475",4.79855659417647,0.00443629480657755,"Beckton",3
"E05000476",10.902985237358,0.00147876493552585,"Boleyn",1
"E05000477",3.96691592121705,0.00147876493552585,"Canning Town North",1
"E05000478",149.274360746372,0.0399266532591979,"Canning Town South",27
"E05000479",9.69255224285659,0.0029575298710517,"Custom House",2
"E05000480",9.69020417260192,0.00147876493552585,"East Ham Central",1
"E05000481",11.0541209763,0.00147876493552585,"East Ham North",1
"E05000482",11.0558930674023,0.0029575298710517,"East Ham South",2
"E05000483",8.01487560913055,0.00147876493552585,"Forest Gate North",1
"E05000484",8.39524828946816,0.00147876493552585,"Forest Gate South",1
"E05000485",13.3992576811245,0.00147876493552585,"Green Street East",1
"E05000486",12.456247430899,0.00147876493552585,"Green Street West",1
"E05000487",5.26423844894478,0.00147876493552585,"Little Ilford",1
"E05000488",7.49136620045398,0.00147876493552585,"Manor Park",1
"E05000489",10.1607429535248,0.00147876493552585,"Plaistow North",1
"E05000490",57.781758298905,0.0118301194842068,"Plaistow South",8
"E05000491",8.45573002545175,0.00591505974210339,"Royal Docks",4
"E05000492",75.561338096846,0.0473204779368272,"Stratford and New Town",32
"E05000493",7.26348284002179,0.00147876493552585,"Wall End",1
"E05000494",7.4794315632012,0.00147876493552585,"West Ham",1
"E05000495",6.97695511724773,0.00887258961315509,"Aldborough",6
"E05000496",19.6181009678263,0.00443629480657755,"Barkingside",3
"E05000497",3.87807337314822,0.00147876493552585,"Bridge",1
"E05000498",6.61100202957762,0.00147876493552585,"Chadwell",1
"E05000499",20.2025643788385,0.00443629480657755,"Church End",3
"E05000500",8.01959990216088,0.0029575298710517,"Clayhall",2
"E05000501",39.3035412490665,0.00739382467762924,"Clementswood",5
"E05000502",4.16529559020156,0.00147876493552585,"Cranbrook",1
"E05000503",8.3433221440113,0.00443629480657755,"Fairlop",3
"E05000504",4.57065547770206,0.00147876493552585,"Fullwell",1
"E05000505",12.1925942182718,0.0029575298710517,"Goodmayes",2
"E05000506",1.76901290848719,0.00147876493552585,"Hainault",1
"E05000507",7.76258897867617,0.00147876493552585,"Loxford",1
"E05000508",5.31301635877737,0.00147876493552585,"Mayfield",1
"E05000509",3.25017225912973,0.00147876493552585,"Monkhams",1
"E05000510",4.71646943963627,0.00147876493552585,"Newbury",1
"E05000511",12.6958869558225,0.00443629480657755,"Roding",3
"E05000512",28.7993548944504,0.00887258961315509,"Seven Kings",6
"E05000513",30.2242640391706,0.00887258961315509,"Snaresbrook",6
"E05000514",6.65212069607791,0.00147876493552585,"Valentines",1
"E05000515",9.63144319471118,0.00739382467762924,"Wanstead",5
"E05000516",66.446507239347,0.029575298710517,"Barnes",20
"E05000517",37.715212430934,0.0325328285815687,"East Sheen",22
"E05000518",26.0726279123125,0.00739382467762924,"Fulwell and Hampton Hill",5
"E05000519",1.06014521869206,0.00147876493552585,"Ham, Petersham and Richmond Riverside",1
"E05000520",11.6325735324054,0.0118301194842068,"Hampton",8
"E05000521",5.12873115191302,0.00147876493552585,"Hampton North",1
"E05000522",47.3498645065416,0.019223944161836,"Hampton Wick",13
"E05000523",15.7020381245486,0.00443629480657755,"Heathfield",3
"E05000524",64.3131772107655,0.0340115935170945,"Kew",23
"E05000525",149.787198876079,0.0428841831302496,"Mortlake and Barnes Common",29
"E05000526",114.225745769185,0.0473204779368272,"North Richmond",32
"E05000527",59.7719699346991,0.0177451792263102,"St. Margarets and North Twickenham",12
"E05000528",37.1555218678824,0.0147876493552585,"South Richmond",10
"E05000529",133.158104986482,0.0340115935170945,"South Twickenham",23
"E05000530",27.9362123152136,0.0177451792263102,"Teddington",12
"E05000531",45.8176153458466,0.0133088844197326,"Twickenham Riverside",9
"E05000532",44.7416373812313,0.0162664142907843,"West Twickenham",11
"E05000533",18.4505249174339,0.00443629480657755,"Whitton",3
"E05000534",160.529103926542,0.0221814740328877,"Brunswick Park",15
"E05000535",102.605144621951,0.0147876493552585,"Camberwell Green",10
"E05000536",113.108097408693,0.029575298710517,"Cathedrals",20
"E05000537",121.985434939068,0.0147876493552585,"Chaucer",10
"E05000538",21.6501094876966,0.0103513545486809,"College",7
"E05000539",186.148585760613,0.0280965337749911,"East Dulwich",19
"E05000540",78.491566517242,0.0133088844197326,"East Walworth",9
"E05000541",34.1627284632466,0.00443629480657755,"Faraday",3
"E05000542",181.140029476423,0.0325328285815687,"Grange",22
"E05000543",27.8102230379888,0.00591505974210339,"Livesey",4
"E05000544",119.964490510809,0.0147876493552585,"Newington",10
"E05000545",90.3342366757001,0.0177451792263102,"Nunhead",12
"E05000546",45.9949865464664,0.00591505974210339,"Peckham",4
"E05000547",71.0347093348487,0.0236602389684136,"Peckham Rye",16
"E05000548",90.3464787459909,0.0177451792263102,"Riverside",12
"E05000549",87.2190540087219,0.019223944161836,"Rotherhithe",13
"E05000550",41.0833684253772,0.00591505974210339,"South Bermondsey",4
"E05000551",90.124597255706,0.0177451792263102,"South Camberwell",12
"E05000552",26.3072050173101,0.00739382467762924,"Surrey Docks",5
"E05000553",43.2002764817695,0.00887258961315509,"The Lane",6
"E05000554",168.612889917308,0.0695019519697149,"Village",47
"E05000555",2.00472714661171,0.00147876493552585,"Beddington North",1
"E05000556",3.26686354964326,0.00147876493552585,"Beddington South",1
"E05000557",8.57147755130029,0.0029575298710517,"Belmont",2
"E05000558",9.88230178573193,0.0029575298710517,"Carshalton Central",2
"E05000559",1.41775195578882,0.00147876493552585,"Carshalton South and Clockhouse",1
"E05000560",2.54428324996565,0.00147876493552585,"Cheam",1
"E05000561",15.7313504840012,0.00443629480657755,"Nonsuch",3
"E05000562",53.4519967661542,0.0118301194842068,"St. Helier",8
"E05000563",20.1655592413717,0.00591505974210339,"Stonecot",4
"E05000564",15.2615835419083,0.0029575298710517,"Sutton Central",2
"E05000565",5.33697670943364,0.00147876493552585,"Sutton North",1
"E05000566",7.86417005481327,0.00147876493552585,"Sutton South",1
"E05000567",11.2223999102208,0.0029575298710517,"Sutton West",2
"E05000568",6.74031585120079,0.00147876493552585,"The Wrythe",1
"E05000569",12.3512446966843,0.0029575298710517,"Wallington North",2
"E05000570",11.6415790637842,0.0029575298710517,"Wallington South",2
"E05000571",4.86928406916331,0.00147876493552585,"Wandle Valley",1
"E05000572",5.10978370285586,0.00147876493552585,"Worcester Park",1
"E05000573",24.2324375408922,0.0029575298710517,"Bethnal Green North",2
"E05000574",11.3395398414732,0.00147876493552585,"Bethnal Green South",1
"E05000575",13.481040601524,0.00591505974210339,"Blackwall and Cubitt Town",4
"E05000576",5.35876962649376,0.00147876493552585,"Bow East",1
"E05000577",44.6784270215127,0.00887258961315509,"Bow West",6
"E05000578",9.33942263689259,0.00147876493552585,"Bromley-by-Bow",1
"E05000579",8.17387466180594,0.00147876493552585,"East India and Lansbury",1
"E05000580",8.75013125196878,0.00147876493552585,"Limehouse",1
"E05000581",11.1062983818123,0.00147876493552585,"Mile End and Globe Town",1
"E05000582",9.3341920790046,0.00147876493552585,"Mile End East",1
"E05000583",32.5444027695287,0.0118301194842068,"Millwall",8
"E05000584",39.2742125520383,0.00591505974210339,"St. Dunstan's and Stepney Green",4
"E05000585",26.5060400638796,0.00591505974210339,"St. Katharine's and Wapping",4
"E05000586",41.5692387633151,0.00591505974210339,"Shadwell",4
"E05000587",62.7224687563702,0.00591505974210339,"Spitalfields and Banglatown",4
"E05000588",51.5630035449565,0.00591505974210339,"Weavers",4
"E05000589",10.8522252487873,0.00147876493552585,"Whitechapel",1
"E05000590",128.223061500443,0.0162664142907843,"Cann Hall",11
"E05000591",28.3789919782049,0.00443629480657755,"Cathall",3
"E05000592",16.2149014944734,0.00443629480657755,"Chapel End",3
"E05000593",2.68338234978426,0.00147876493552585,"Chingford Green",1
"E05000594",5.13052043999343,0.00147876493552585,"Endlebury",1
"E05000595",25.1755998086654,0.00739382467762924,"Forest",5
"E05000596",122.792525284097,0.0162664142907843,"Grove Green",11
"E05000597",12.7828743571279,0.00443629480657755,"Hale End and Highams Park",3
"E05000598",20.6935655427301,0.00739382467762924,"Hatch Lane",5
"E05000599",19.6147018728771,0.00887258961315509,"High Street",6
"E05000600",12.4175783238753,0.00591505974210339,"Higham Hill",4
"E05000601",45.4520662509318,0.00739382467762924,"Hoe Street",5
"E05000602",4.8409740039696,0.00147876493552585,"Larkswood",1
"E05000603",34.0025539696093,0.0133088844197326,"Lea Bridge",9
"E05000604",19.6832957710439,0.00591505974210339,"Leyton",4
"E05000605",68.9174598555796,0.0133088844197326,"Leytonstone",9
"E05000606",41.1793773678142,0.00887258961315509,"Markhouse",6
"E05000607",5.03824024344777,0.00147876493552585,"Valley",1
"E05000608",130.105385362143,0.019223944161836,"William Morris",13
"E05000609",5.40508402203112,0.00147876493552585,"Wood Street",1
"E05000610",338.350828546907,0.0606293623565598,"Balham",41
"E05000611",88.6524822695036,0.0236602389684136,"Bedford",16
"E05000612",99.7570204003107,0.0207027090973619,"Earlsfield",14
"E05000613",93.1480308506278,0.0221814740328877,"East Putney",15
"E05000614",158.153863080012,0.0340115935170945,"Fairfield",23
"E05000615",70.6573964162569,0.0147876493552585,"Furzedown",10
"E05000616",69.226737343869,0.0103513545486809,"Graveney",7
"E05000617",73.8511530011262,0.0118301194842068,"Latchmere",8
"E05000618",129.873292369132,0.0236602389684136,"Nightingale",16
"E05000619",304.41400304414,0.0754170117118183,"Northcote",51
"E05000620",49.9241776551862,0.0236602389684136,"Queenstown",16
"E05000621",15.8222483414893,0.0103513545486809,"Roehampton and Putney Heath",7
"E05000622",35.7948240684397,0.00739382467762924,"St. Mary's Park",5
"E05000623",158.24621000327,0.0221814740328877,"Shaftesbury",15
"E05000624",163.967757380189,0.0369691233881462,"Southfields",25
"E05000625",130.091792768978,0.0369691233881462,"Thamesfield",25
"E05000626",74.9906261717285,0.0177451792263102,"Tooting",12
"E05000627",94.0335699844844,0.0384478883236721,"Wandsworth Common",26
"E05000628",5.93232404726876,0.00147876493552585,"West Hill",1
"E05000629",21.6495905521187,0.00591505974210339,"West Putney",4
"E05000630",191.794834325795,0.0310540636460428,"Abbey Road",21
"E05000631",500.490866041695,0.0384478883236721,"Bayswater",26
"E05000632",525.457009319948,0.0561930675499823,"Bryanston and Dorset Square",38
"E05000633",114.899134973655,0.0103513545486809,"Churchill",7
"E05000634",158.124195260792,0.0103513545486809,"Church Street",7
"E05000635",686.605141460853,0.0502780078078789,"Harrow Road",34
"E05000636",177.984379253303,0.0251390039039394,"Hyde Park",17
"E05000637",94.5942186239323,0.0502780078078789,"Knightsbridge and Belgravia",34
"E05000638",332.900034875242,0.0310540636460428,"Lancaster Gate",21
"E05000639",502.094676227386,0.0473204779368272,"Little Venice",32
"E05000640",386.907064923006,0.0369691233881462,"Maida Vale",25
"E05000641",409.561768907269,0.0606293623565598,"Marylebone High Street",41
"E05000642",427.781865471159,0.0369691233881462,"Queen's Park",25
"E05000643",93.0950101074582,0.0310540636460428,"Regent's Park",21
"E05000644",121.254464040834,0.0621081272920856,"St. James's",42
"E05000645",225.591048547194,0.0147876493552585,"Tachbrook",10
"E05000646",73.1475385853266,0.00739382467762924,"Vincent Square",5
"E05000647",453.32496425707,0.0384478883236721,"Warwick",26
"E05000648",162.611240871596,0.0162664142907843,"Westbourne",11
"E05000649",240.032404374591,0.0709807169052407,"West End",48
"E09000001",104.780865108924,0.048799242872353,"City of London",33
